Year,Flokkur,Value
1990,Innlend efnisnotkun (DMC) [Kílótonn],3501.31
1991,Innlend efnisnotkun (DMC) [Kílótonn],3330.93
1992,Innlend efnisnotkun (DMC) [Kílótonn],3670.92
1993,Innlend efnisnotkun (DMC) [Kílótonn],3617.59
1994,Innlend efnisnotkun (DMC) [Kílótonn],3329.49
1995,Innlend efnisnotkun (DMC) [Kílótonn],3345.83
1996,Innlend efnisnotkun (DMC) [Kílótonn],4053.45
1997,Innlend efnisnotkun (DMC) [Kílótonn],4268.7
1998,Innlend efnisnotkun (DMC) [Kílótonn],4414.36
1999,Innlend efnisnotkun (DMC) [Kílótonn],4618.84
2000,Innlend efnisnotkun (DMC) [Kílótonn],7751.29
2001,Innlend efnisnotkun (DMC) [Kílótonn],7241.14
2002,Innlend efnisnotkun (DMC) [Kílótonn],6557.88
2003,Innlend efnisnotkun (DMC) [Kílótonn],7268.02
2004,Innlend efnisnotkun (DMC) [Kílótonn],17408.68
2005,Innlend efnisnotkun (DMC) [Kílótonn],13140.83
2006,Innlend efnisnotkun (DMC) [Kílótonn],15919.94
2007,Innlend efnisnotkun (DMC) [Kílótonn],16102.72
2008,Innlend efnisnotkun (DMC) [Kílótonn],18082.18
2009,Innlend efnisnotkun (DMC) [Kílótonn],16814.25
2010,Innlend efnisnotkun (DMC) [Kílótonn],10562.07
2011,Innlend efnisnotkun (DMC) [Kílótonn],6843.3
2012,Innlend efnisnotkun (DMC) [Kílótonn],7968.57
2013,Innlend efnisnotkun (DMC) [Kílótonn],9824.78
2014,Innlend efnisnotkun (DMC) [Kílótonn],7510.32
2015,Innlend efnisnotkun (DMC) [Kílótonn],7704.51
2016,Innlend efnisnotkun (DMC) [Kílótonn],10254.0
2017,Innlend efnisnotkun (DMC) [Kílótonn],11168.56
2018,Innlend efnisnotkun (DMC) [Kílótonn],11322.15
2019,Innlend efnisnotkun (DMC) [Kílótonn],10900.18
1990,DMC á íbúa [Kílótonn á íbúa],0.01374
1991,DMC á íbúa [Kílótonn á íbúa],0.01291
1992,DMC á íbúa [Kílótonn á íbúa],0.01406
1993,DMC á íbúa [Kílótonn á íbúa],0.01371
1994,DMC á íbúa [Kílótonn á íbúa],0.01252
1995,DMC á íbúa [Kílótonn á íbúa],0.01251
1996,DMC á íbúa [Kílótonn á íbúa],0.01507
1997,DMC á íbúa [Kílótonn á íbúa],0.01576
1998,DMC á íbúa [Kílótonn á íbúa],0.01612
1999,DMC á íbúa [Kílótonn á íbúa],0.01666
2000,DMC á íbúa [Kílótonn á íbúa],0.02757
2001,DMC á íbúa [Kílótonn á íbúa],0.0254
2002,DMC á íbúa [Kílótonn á íbúa],0.02281
2003,DMC á íbúa [Kílótonn á íbúa],0.02513
2004,DMC á íbúa [Kílótonn á íbúa],0.0595
2005,DMC á íbúa [Kílótonn á íbúa],0.04442
2006,DMC á íbúa [Kílótonn á íbúa],0.05231
2007,DMC á íbúa [Kílótonn á íbúa],0.05171
2008,DMC á íbúa [Kílótonn á íbúa],0.05662
2009,DMC á íbúa [Kílótonn á íbúa],0.05267
2010,DMC á íbúa [Kílótonn á íbúa],0.03321
2011,DMC á íbúa [Kílótonn á íbúa],0.02145
2012,DMC á íbúa [Kílótonn á íbúa],0.02485
2013,DMC á íbúa [Kílótonn á íbúa],0.03035
2014,DMC á íbúa [Kílótonn á íbúa],0.02294
2015,DMC á íbúa [Kílótonn á íbúa],0.02329
2016,DMC á íbúa [Kílótonn á íbúa],0.03057
2017,DMC á íbúa [Kílótonn á íbúa],0.03252
2018,DMC á íbúa [Kílótonn á íbúa],0.0321
2019,DMC á íbúa [Kílótonn á íbúa],0.03023
1990,DMC á verga landsframleiðslu [Kílótonn per milljón ISK],0.00943
1991,DMC á verga landsframleiðslu [Kílótonn per milljón ISK],0.00829
1992,DMC á verga landsframleiðslu [Kílótonn per milljón ISK],0.00914
1993,DMC á verga landsframleiðslu [Kílótonn per milljón ISK],0.00873
1994,DMC á verga landsframleiðslu [Kílótonn per milljón ISK],0.00756
1995,DMC á verga landsframleiðslu [Kílótonn per milljón ISK],0.00726
1996,DMC á verga landsframleiðslu [Kílótonn per milljón ISK],0.00821
1997,DMC á verga landsframleiðslu [Kílótonn per milljón ISK],0.00795
1998,DMC á verga landsframleiðslu [Kílótonn per milljón ISK],0.00732
1999,DMC á verga landsframleiðslu [Kílótonn per milljón ISK],0.00711
2000,DMC á verga landsframleiðslu [Kílótonn per milljón ISK],0.01092
2001,DMC á verga landsframleiðslu [Kílótonn per milljón ISK],0.00903
2002,DMC á verga landsframleiðslu [Kílótonn per milljón ISK],0.00768
2003,DMC á verga landsframleiðslu [Kílótonn per milljón ISK],0.00829
2004,DMC á verga landsframleiðslu [Kílótonn per milljón ISK],0.01794
2005,DMC á verga landsframleiðslu [Kílótonn per milljón ISK],0.01238
2006,DMC á verga landsframleiðslu [Kílótonn per milljón ISK],0.01299
2007,DMC á verga landsframleiðslu [Kílótonn per milljón ISK],0.01161
2008,DMC á verga landsframleiðslu [Kílótonn per milljón ISK],0.01138
2009,DMC á verga landsframleiðslu [Kílótonn per milljón ISK],0.01034
2010,DMC á verga landsframleiðslu [Kílótonn per milljón ISK],0.00628
2011,DMC á verga landsframleiðslu [Kílótonn per milljón ISK],0.00388
2012,DMC á verga landsframleiðslu [Kílótonn per milljón ISK],0.00432
2013,DMC á verga landsframleiðslu [Kílótonn per milljón ISK],0.00499
2014,DMC á verga landsframleiðslu [Kílótonn per milljón ISK],0.0036
2015,DMC á verga landsframleiðslu [Kílótonn per milljón ISK],0.00333
2016,DMC á verga landsframleiðslu [Kílótonn per milljón ISK],0.00408
2017,DMC á verga landsframleiðslu [Kílótonn per milljón ISK],0.00423
2018,DMC á verga landsframleiðslu [Kílótonn per milljón ISK],0.00399
2019,DMC á verga landsframleiðslu [Kílótonn per milljón ISK],0.00358
