Year,Tegund náms,Aldur,Kyn,Value
2003,Formlegt,16-24,,58.2
2004,Formlegt,16-24,,61.0
2005,Formlegt,16-24,,62.3
2006,Formlegt,16-24,,60.8
2007,Formlegt,16-24,,63.3
2008,Formlegt,16-24,,59.2
2009,Formlegt,16-24,,62.6
2010,Formlegt,16-24,,62.9
2011,Formlegt,16-24,,60.2
2012,Formlegt,16-24,,59.9
2013,Formlegt,16-24,,59.1
2014,Formlegt,16-24,,61.9
2015,Formlegt,16-24,,63.3
2016,Formlegt,16-24,,54.7
2017,Formlegt,16-24,,58.2
2018,Formlegt,16-24,,56.5
2019,Formlegt,16-24,,60.9
2020,Formlegt,16-24,,62.9
2003,Formlegt,16-24,Karl,56.5
2004,Formlegt,16-24,Karl,60.0
2005,Formlegt,16-24,Karl,58.2
2006,Formlegt,16-24,Karl,58.0
2007,Formlegt,16-24,Karl,60.3
2008,Formlegt,16-24,Karl,57.8
2009,Formlegt,16-24,Karl,59.7
2010,Formlegt,16-24,Karl,60.1
2011,Formlegt,16-24,Karl,57.5
2012,Formlegt,16-24,Karl,56.8
2013,Formlegt,16-24,Karl,57.3
2014,Formlegt,16-24,Karl,58.8
2015,Formlegt,16-24,Karl,58.7
2016,Formlegt,16-24,Karl,52.2
2017,Formlegt,16-24,Karl,54.2
2018,Formlegt,16-24,Karl,52.2
2019,Formlegt,16-24,Karl,55.4
2020,Formlegt,16-24,Karl,58.4
2003,Formlegt,16-24,Kona,60.1
2004,Formlegt,16-24,Kona,62.0
2005,Formlegt,16-24,Kona,66.7
2006,Formlegt,16-24,Kona,63.8
2007,Formlegt,16-24,Kona,66.6
2008,Formlegt,16-24,Kona,60.6
2009,Formlegt,16-24,Kona,65.7
2010,Formlegt,16-24,Kona,65.9
2011,Formlegt,16-24,Kona,63.0
2012,Formlegt,16-24,Kona,63.3
2013,Formlegt,16-24,Kona,61.0
2014,Formlegt,16-24,Kona,65.3
2015,Formlegt,16-24,Kona,68.1
2016,Formlegt,16-24,Kona,57.4
2017,Formlegt,16-24,Kona,62.5
2018,Formlegt,16-24,Kona,61.2
2019,Formlegt,16-24,Kona,66.8
2020,Formlegt,16-24,Kona,67.8
2003,Formlegt,25-64,,8.7
2004,Formlegt,25-64,,9.9
2005,Formlegt,25-64,,10.0
2006,Formlegt,25-64,,11.0
2007,Formlegt,25-64,,10.8
2008,Formlegt,25-64,,11.3
2009,Formlegt,25-64,,11.6
2010,Formlegt,25-64,,10.7
2011,Formlegt,25-64,,10.5
2012,Formlegt,25-64,,10.6
2013,Formlegt,25-64,,9.7
2014,Formlegt,25-64,,10.3
2015,Formlegt,25-64,,11.0
2016,Formlegt,25-64,,8.9
2017,Formlegt,25-64,,8.6
2018,Formlegt,25-64,,9.1
2019,Formlegt,25-64,,9.3
2020,Formlegt,25-64,,10.4
2003,Formlegt,25-64,Karl,6.1
2004,Formlegt,25-64,Karl,7.2
2005,Formlegt,25-64,Karl,6.9
2006,Formlegt,25-64,Karl,7.0
2007,Formlegt,25-64,Karl,7.6
2008,Formlegt,25-64,Karl,7.8
2009,Formlegt,25-64,Karl,8.6
2010,Formlegt,25-64,Karl,7.9
2011,Formlegt,25-64,Karl,8.6
2012,Formlegt,25-64,Karl,8.3
2013,Formlegt,25-64,Karl,7.5
2014,Formlegt,25-64,Karl,7.9
2015,Formlegt,25-64,Karl,8.3
2016,Formlegt,25-64,Karl,6.3
2017,Formlegt,25-64,Karl,6.9
2018,Formlegt,25-64,Karl,7.4
2019,Formlegt,25-64,Karl,7.7
2020,Formlegt,25-64,Karl,8.3
2003,Formlegt,25-64,Kona,11.4
2004,Formlegt,25-64,Kona,12.7
2005,Formlegt,25-64,Kona,13.2
2006,Formlegt,25-64,Kona,15.2
2007,Formlegt,25-64,Kona,14.3
2008,Formlegt,25-64,Kona,15.1
2009,Formlegt,25-64,Kona,14.7
2010,Formlegt,25-64,Kona,13.6
2011,Formlegt,25-64,Kona,12.3
2012,Formlegt,25-64,Kona,12.9
2013,Formlegt,25-64,Kona,11.9
2014,Formlegt,25-64,Kona,12.8
2015,Formlegt,25-64,Kona,13.8
2016,Formlegt,25-64,Kona,11.4
2017,Formlegt,25-64,Kona,10.4
2018,Formlegt,25-64,Kona,10.8
2019,Formlegt,25-64,Kona,10.9
2020,Formlegt,25-64,Kona,12.6
2003,Óformlegt,16-24,,9.1
2004,Óformlegt,16-24,,8.6
2005,Óformlegt,16-24,,10.3
2006,Óformlegt,16-24,,11.5
2007,Óformlegt,16-24,,9.4
2008,Óformlegt,16-24,,7.9
2009,Óformlegt,16-24,,8.4
2010,Óformlegt,16-24,,10.1
2011,Óformlegt,16-24,,9.3
2012,Óformlegt,16-24,,9.8
2013,Óformlegt,16-24,,10.2
2014,Óformlegt,16-24,,9.9
2015,Óformlegt,16-24,,11.4
2016,Óformlegt,16-24,,9.2
2017,Óformlegt,16-24,,9.6
2018,Óformlegt,16-24,,7.3
2019,Óformlegt,16-24,,7.2
2020,Óformlegt,16-24,,6.0
2003,Óformlegt,16-24,Karl,8.6
2004,Óformlegt,16-24,Karl,7.5
2005,Óformlegt,16-24,Karl,10.2
2006,Óformlegt,16-24,Karl,11.4
2007,Óformlegt,16-24,Karl,9.8
2008,Óformlegt,16-24,Karl,7.7
2009,Óformlegt,16-24,Karl,9.5
2010,Óformlegt,16-24,Karl,9.3
2011,Óformlegt,16-24,Karl,8.6
2012,Óformlegt,16-24,Karl,10.4
2013,Óformlegt,16-24,Karl,9.7
2014,Óformlegt,16-24,Karl,8.8
2015,Óformlegt,16-24,Karl,11.1
2016,Óformlegt,16-24,Karl,9.1
2017,Óformlegt,16-24,Karl,8.7
2018,Óformlegt,16-24,Karl,7.3
2019,Óformlegt,16-24,Karl,5.8
2020,Óformlegt,16-24,Karl,6.0
2003,Óformlegt,16-24,Kona,9.6
2004,Óformlegt,16-24,Kona,9.9
2005,Óformlegt,16-24,Kona,10.4
2006,Óformlegt,16-24,Kona,11.5
2007,Óformlegt,16-24,Kona,9.1
2008,Óformlegt,16-24,Kona,8.1
2009,Óformlegt,16-24,Kona,7.1
2010,Óformlegt,16-24,Kona,10.9
2011,Óformlegt,16-24,Kona,9.9
2012,Óformlegt,16-24,Kona,9.1
2013,Óformlegt,16-24,Kona,10.8
2014,Óformlegt,16-24,Kona,11.0
2015,Óformlegt,16-24,Kona,11.8
2016,Óformlegt,16-24,Kona,9.3
2017,Óformlegt,16-24,Kona,10.6
2018,Óformlegt,16-24,Kona,7.3
2019,Óformlegt,16-24,Kona,8.6
2020,Óformlegt,16-24,Kona,5.9
2003,Óformlegt,25-64,,14.9
2004,Óformlegt,25-64,,15.6
2005,Óformlegt,25-64,,16.8
2006,Óformlegt,25-64,,18.5
2007,Óformlegt,25-64,,17.2
2008,Óformlegt,25-64,,15.0
2009,Óformlegt,25-64,,14.6
2010,Óformlegt,25-64,,15.4
2011,Óformlegt,25-64,,16.4
2012,Óformlegt,25-64,,18.0
2013,Óformlegt,25-64,,17.4
2014,Óformlegt,25-64,,16.9
2015,Óformlegt,25-64,,18.4
2016,Óformlegt,25-64,,16.3
2017,Óformlegt,25-64,,15.0
2018,Óformlegt,25-64,,12.4
2019,Óformlegt,25-64,,12.6
2020,Óformlegt,25-64,,9.9
2003,Óformlegt,25-64,Karl,12.8
2004,Óformlegt,25-64,Karl,13.5
2005,Óformlegt,25-64,Karl,15.2
2006,Óformlegt,25-64,Karl,16.0
2007,Óformlegt,25-64,Karl,15.1
2008,Óformlegt,25-64,Karl,12.7
2009,Óformlegt,25-64,Karl,12.4
2010,Óformlegt,25-64,Karl,13.6
2011,Óformlegt,25-64,Karl,14.6
2012,Óformlegt,25-64,Karl,16.4
2013,Óformlegt,25-64,Karl,15.7
2014,Óformlegt,25-64,Karl,14.2
2015,Óformlegt,25-64,Karl,15.8
2016,Óformlegt,25-64,Karl,14.9
2017,Óformlegt,25-64,Karl,13.2
2018,Óformlegt,25-64,Karl,10.5
2019,Óformlegt,25-64,Karl,10.6
2020,Óformlegt,25-64,Karl,8.2
2003,Óformlegt,25-64,Kona,17.0
2004,Óformlegt,25-64,Kona,17.9
2005,Óformlegt,25-64,Kona,18.4
2006,Óformlegt,25-64,Kona,21.1
2007,Óformlegt,25-64,Kona,19.4
2008,Óformlegt,25-64,Kona,17.5
2009,Óformlegt,25-64,Kona,17.0
2010,Óformlegt,25-64,Kona,17.3
2011,Óformlegt,25-64,Kona,18.3
2012,Óformlegt,25-64,Kona,19.7
2013,Óformlegt,25-64,Kona,19.0
2014,Óformlegt,25-64,Kona,19.7
2015,Óformlegt,25-64,Kona,21.1
2016,Óformlegt,25-64,Kona,17.9
2018,Óformlegt,25-64,Kona,14.5
2019,Óformlegt,25-64,Kona,14.8
2020,Óformlegt,25-64,Kona,11.7
