Year,Units,Atvinnugrein,Value
1997,Hlutfall (%) af vergri þjóðarframleiðslu,C. Framleiðsla,14.12431
1998,Hlutfall (%) af vergri þjóðarframleiðslu,C. Framleiðsla,13.41481
1999,Hlutfall (%) af vergri þjóðarframleiðslu,C. Framleiðsla,11.81556
2000,Hlutfall (%) af vergri þjóðarframleiðslu,C. Framleiðsla,11.55023
2001,Hlutfall (%) af vergri þjóðarframleiðslu,C. Framleiðsla,13.28027
2002,Hlutfall (%) af vergri þjóðarframleiðslu,C. Framleiðsla,11.58698
2003,Hlutfall (%) af vergri þjóðarframleiðslu,C. Framleiðsla,10.91724
2004,Hlutfall (%) af vergri þjóðarframleiðslu,C. Framleiðsla,10.42618
2005,Hlutfall (%) af vergri þjóðarframleiðslu,C. Framleiðsla,8.66048
2006,Hlutfall (%) af vergri þjóðarframleiðslu,C. Framleiðsla,9.01475
2007,Hlutfall (%) af vergri þjóðarframleiðslu,C. Framleiðsla,7.85777
2008,Hlutfall (%) af vergri þjóðarframleiðslu,C. Framleiðsla,10.93357
2009,Hlutfall (%) af vergri þjóðarframleiðslu,C. Framleiðsla,10.96286
2010,Hlutfall (%) af vergri þjóðarframleiðslu,C. Framleiðsla,12.83403
2011,Hlutfall (%) af vergri þjóðarframleiðslu,C. Framleiðsla,13.10315
2012,Hlutfall (%) af vergri þjóðarframleiðslu,C. Framleiðsla,11.65924
2013,Hlutfall (%) af vergri þjóðarframleiðslu,C. Framleiðsla,11.5139
2014,Hlutfall (%) af vergri þjóðarframleiðslu,C. Framleiðsla,11.32834
2015,Hlutfall (%) af vergri þjóðarframleiðslu,C. Framleiðsla,10.58489
2016,Hlutfall (%) af vergri þjóðarframleiðslu,C. Framleiðsla,9.29845
2017,Hlutfall (%) af vergri þjóðarframleiðslu,C. Framleiðsla,8.87037
2018,Hlutfall (%) af vergri þjóðarframleiðslu,C. Framleiðsla,8.40113
2019,Hlutfall (%) af vergri þjóðarframleiðslu,C. Framleiðsla,8.6769
2020,Hlutfall (%) af vergri þjóðarframleiðslu,C. Framleiðsla,8.722
2021,Hlutfall (%) af vergri þjóðarframleiðslu,C. Framleiðsla,9.0744
1997,Hlutfall (%) af vergri þjóðarframleiðslu,C: 10-12 Matvæla- og drykkjavöruiðnaður; tóbaksiðnaður,6.5543
1998,Hlutfall (%) af vergri þjóðarframleiðslu,C: 10-12 Matvæla- og drykkjavöruiðnaður; tóbaksiðnaður,6.12592
1999,Hlutfall (%) af vergri þjóðarframleiðslu,C: 10-12 Matvæla- og drykkjavöruiðnaður; tóbaksiðnaður,5.2253
2000,Hlutfall (%) af vergri þjóðarframleiðslu,C: 10-12 Matvæla- og drykkjavöruiðnaður; tóbaksiðnaður,4.56502
2001,Hlutfall (%) af vergri þjóðarframleiðslu,C: 10-12 Matvæla- og drykkjavöruiðnaður; tóbaksiðnaður,6.16798
2002,Hlutfall (%) af vergri þjóðarframleiðslu,C: 10-12 Matvæla- og drykkjavöruiðnaður; tóbaksiðnaður,4.87228
2003,Hlutfall (%) af vergri þjóðarframleiðslu,C: 10-12 Matvæla- og drykkjavöruiðnaður; tóbaksiðnaður,4.39611
2004,Hlutfall (%) af vergri þjóðarframleiðslu,C: 10-12 Matvæla- og drykkjavöruiðnaður; tóbaksiðnaður,3.82681
2005,Hlutfall (%) af vergri þjóðarframleiðslu,C: 10-12 Matvæla- og drykkjavöruiðnaður; tóbaksiðnaður,3.14039
2006,Hlutfall (%) af vergri þjóðarframleiðslu,C: 10-12 Matvæla- og drykkjavöruiðnaður; tóbaksiðnaður,2.93778
2007,Hlutfall (%) af vergri þjóðarframleiðslu,C: 10-12 Matvæla- og drykkjavöruiðnaður; tóbaksiðnaður,2.40012
2008,Hlutfall (%) af vergri þjóðarframleiðslu,C: 10-12 Matvæla- og drykkjavöruiðnaður; tóbaksiðnaður,3.91138
2009,Hlutfall (%) af vergri þjóðarframleiðslu,C: 10-12 Matvæla- og drykkjavöruiðnaður; tóbaksiðnaður,5.19478
2010,Hlutfall (%) af vergri þjóðarframleiðslu,C: 10-12 Matvæla- og drykkjavöruiðnaður; tóbaksiðnaður,4.82496
2011,Hlutfall (%) af vergri þjóðarframleiðslu,C: 10-12 Matvæla- og drykkjavöruiðnaður; tóbaksiðnaður,5.25145
2012,Hlutfall (%) af vergri þjóðarframleiðslu,C: 10-12 Matvæla- og drykkjavöruiðnaður; tóbaksiðnaður,5.16418
2013,Hlutfall (%) af vergri þjóðarframleiðslu,C: 10-12 Matvæla- og drykkjavöruiðnaður; tóbaksiðnaður,5.2442
2014,Hlutfall (%) af vergri þjóðarframleiðslu,C: 10-12 Matvæla- og drykkjavöruiðnaður; tóbaksiðnaður,4.66731
2015,Hlutfall (%) af vergri þjóðarframleiðslu,C: 10-12 Matvæla- og drykkjavöruiðnaður; tóbaksiðnaður,4.50837
2016,Hlutfall (%) af vergri þjóðarframleiðslu,C: 10-12 Matvæla- og drykkjavöruiðnaður; tóbaksiðnaður,3.96538
2017,Hlutfall (%) af vergri þjóðarframleiðslu,C: 10-12 Matvæla- og drykkjavöruiðnaður; tóbaksiðnaður,3.66183
2018,Hlutfall (%) af vergri þjóðarframleiðslu,C: 10-12 Matvæla- og drykkjavöruiðnaður; tóbaksiðnaður,3.80553
2019,Hlutfall (%) af vergri þjóðarframleiðslu,C: 10-12 Matvæla- og drykkjavöruiðnaður; tóbaksiðnaður,4.1868
2020,Hlutfall (%) af vergri þjóðarframleiðslu,C: 10-12 Matvæla- og drykkjavöruiðnaður; tóbaksiðnaður,4.16
2021,Hlutfall (%) af vergri þjóðarframleiðslu,C: 10-12 Matvæla- og drykkjavöruiðnaður; tóbaksiðnaður,4.2991
1997,Hlutfall (%) af vergri þjóðarframleiðslu,C: 10-12 Þaraf Fiskvinnsla,4.27041
1998,Hlutfall (%) af vergri þjóðarframleiðslu,C: 10-12 Þaraf Fiskvinnsla,3.89586
1999,Hlutfall (%) af vergri þjóðarframleiðslu,C: 10-12 Þaraf Fiskvinnsla,3.18918
2000,Hlutfall (%) af vergri þjóðarframleiðslu,C: 10-12 Þaraf Fiskvinnsla,2.54105
2001,Hlutfall (%) af vergri þjóðarframleiðslu,C: 10-12 Þaraf Fiskvinnsla,4.15403
2002,Hlutfall (%) af vergri þjóðarframleiðslu,C: 10-12 Þaraf Fiskvinnsla,2.9634
2003,Hlutfall (%) af vergri þjóðarframleiðslu,C: 10-12 Þaraf Fiskvinnsla,2.5708
2004,Hlutfall (%) af vergri þjóðarframleiðslu,C: 10-12 Þaraf Fiskvinnsla,2.24033
2005,Hlutfall (%) af vergri þjóðarframleiðslu,C: 10-12 Þaraf Fiskvinnsla,1.82918
2006,Hlutfall (%) af vergri þjóðarframleiðslu,C: 10-12 Þaraf Fiskvinnsla,1.83148
2007,Hlutfall (%) af vergri þjóðarframleiðslu,C: 10-12 Þaraf Fiskvinnsla,1.24917
2008,Hlutfall (%) af vergri þjóðarframleiðslu,C: 10-12 Þaraf Fiskvinnsla,2.31002
2009,Hlutfall (%) af vergri þjóðarframleiðslu,C: 10-12 Þaraf Fiskvinnsla,3.41925
2010,Hlutfall (%) af vergri þjóðarframleiðslu,C: 10-12 Þaraf Fiskvinnsla,3.03471
2011,Hlutfall (%) af vergri þjóðarframleiðslu,C: 10-12 Þaraf Fiskvinnsla,3.5339
2012,Hlutfall (%) af vergri þjóðarframleiðslu,C: 10-12 Þaraf Fiskvinnsla,3.49146
2013,Hlutfall (%) af vergri þjóðarframleiðslu,C: 10-12 Þaraf Fiskvinnsla,3.57135
2014,Hlutfall (%) af vergri þjóðarframleiðslu,C: 10-12 Þaraf Fiskvinnsla,2.92114
2015,Hlutfall (%) af vergri þjóðarframleiðslu,C: 10-12 Þaraf Fiskvinnsla,2.87269
2016,Hlutfall (%) af vergri þjóðarframleiðslu,C: 10-12 Þaraf Fiskvinnsla,2.26147
2017,Hlutfall (%) af vergri þjóðarframleiðslu,C: 10-12 Þaraf Fiskvinnsla,2.08732
2018,Hlutfall (%) af vergri þjóðarframleiðslu,C: 10-12 Þaraf Fiskvinnsla,2.16512
2019,Hlutfall (%) af vergri þjóðarframleiðslu,C: 10-12 Þaraf Fiskvinnsla,2.23122
2020,Hlutfall (%) af vergri þjóðarframleiðslu,C: 10-12 Þaraf Fiskvinnsla,2.416
2021,Hlutfall (%) af vergri þjóðarframleiðslu,C: 10-12 Þaraf Fiskvinnsla,2.6829
1997,Hlutfall (%) af vergri þjóðarframleiðslu,"C: 13-15 Textíl-, fata- og leðuriðnaður",0.52414
1998,Hlutfall (%) af vergri þjóðarframleiðslu,"C: 13-15 Textíl-, fata- og leðuriðnaður",0.40937
1999,Hlutfall (%) af vergri þjóðarframleiðslu,"C: 13-15 Textíl-, fata- og leðuriðnaður",0.3788
2000,Hlutfall (%) af vergri þjóðarframleiðslu,"C: 13-15 Textíl-, fata- og leðuriðnaður",0.33675
2001,Hlutfall (%) af vergri þjóðarframleiðslu,"C: 13-15 Textíl-, fata- og leðuriðnaður",0.30894
2002,Hlutfall (%) af vergri þjóðarframleiðslu,"C: 13-15 Textíl-, fata- og leðuriðnaður",0.30532
2003,Hlutfall (%) af vergri þjóðarframleiðslu,"C: 13-15 Textíl-, fata- og leðuriðnaður",0.2757
2004,Hlutfall (%) af vergri þjóðarframleiðslu,"C: 13-15 Textíl-, fata- og leðuriðnaður",0.22688
2005,Hlutfall (%) af vergri þjóðarframleiðslu,"C: 13-15 Textíl-, fata- og leðuriðnaður",0.20076
2006,Hlutfall (%) af vergri þjóðarframleiðslu,"C: 13-15 Textíl-, fata- og leðuriðnaður",0.1487
2007,Hlutfall (%) af vergri þjóðarframleiðslu,"C: 13-15 Textíl-, fata- og leðuriðnaður",0.13559
2008,Hlutfall (%) af vergri þjóðarframleiðslu,"C: 13-15 Textíl-, fata- og leðuriðnaður",0.10841
2009,Hlutfall (%) af vergri þjóðarframleiðslu,"C: 13-15 Textíl-, fata- og leðuriðnaður",0.1583
2010,Hlutfall (%) af vergri þjóðarframleiðslu,"C: 13-15 Textíl-, fata- og leðuriðnaður",0.15909
2011,Hlutfall (%) af vergri þjóðarframleiðslu,"C: 13-15 Textíl-, fata- og leðuriðnaður",0.16304
2012,Hlutfall (%) af vergri þjóðarframleiðslu,"C: 13-15 Textíl-, fata- og leðuriðnaður",0.15729
2013,Hlutfall (%) af vergri þjóðarframleiðslu,"C: 13-15 Textíl-, fata- og leðuriðnaður",0.15399
2014,Hlutfall (%) af vergri þjóðarframleiðslu,"C: 13-15 Textíl-, fata- og leðuriðnaður",0.16094
2015,Hlutfall (%) af vergri þjóðarframleiðslu,"C: 13-15 Textíl-, fata- og leðuriðnaður",0.13501
2016,Hlutfall (%) af vergri þjóðarframleiðslu,"C: 13-15 Textíl-, fata- og leðuriðnaður",0.11432
2017,Hlutfall (%) af vergri þjóðarframleiðslu,"C: 13-15 Textíl-, fata- og leðuriðnaður",0.10322
2018,Hlutfall (%) af vergri þjóðarframleiðslu,"C: 13-15 Textíl-, fata- og leðuriðnaður",0.10432
2019,Hlutfall (%) af vergri þjóðarframleiðslu,"C: 13-15 Textíl-, fata- og leðuriðnaður",0.10633
2020,Hlutfall (%) af vergri þjóðarframleiðslu,"C: 13-15 Textíl-, fata- og leðuriðnaður",0.11
2021,Hlutfall (%) af vergri þjóðarframleiðslu,"C: 13-15 Textíl-, fata- og leðuriðnaður",0.1152
1997,Hlutfall (%) af vergri þjóðarframleiðslu,C: 16-17 Trjá- og pappírsiðnaður,0.37111
1998,Hlutfall (%) af vergri þjóðarframleiðslu,C: 16-17 Trjá- og pappírsiðnaður,0.32499
1999,Hlutfall (%) af vergri þjóðarframleiðslu,C: 16-17 Trjá- og pappírsiðnaður,0.31291
2000,Hlutfall (%) af vergri þjóðarframleiðslu,C: 16-17 Trjá- og pappírsiðnaður,0.30978
2001,Hlutfall (%) af vergri þjóðarframleiðslu,C: 16-17 Trjá- og pappírsiðnaður,0.29045
2002,Hlutfall (%) af vergri þjóðarframleiðslu,C: 16-17 Trjá- og pappírsiðnaður,0.29495
2003,Hlutfall (%) af vergri þjóðarframleiðslu,C: 16-17 Trjá- og pappírsiðnaður,0.3015
2004,Hlutfall (%) af vergri þjóðarframleiðslu,C: 16-17 Trjá- og pappírsiðnaður,0.25263
2005,Hlutfall (%) af vergri þjóðarframleiðslu,C: 16-17 Trjá- og pappírsiðnaður,0.23676
2006,Hlutfall (%) af vergri þjóðarframleiðslu,C: 16-17 Trjá- og pappírsiðnaður,0.22687
2007,Hlutfall (%) af vergri þjóðarframleiðslu,C: 16-17 Trjá- og pappírsiðnaður,0.14961
2008,Hlutfall (%) af vergri þjóðarframleiðslu,C: 16-17 Trjá- og pappírsiðnaður,0.12257
2009,Hlutfall (%) af vergri þjóðarframleiðslu,C: 16-17 Trjá- og pappírsiðnaður,0.10377
2010,Hlutfall (%) af vergri þjóðarframleiðslu,C: 16-17 Trjá- og pappírsiðnaður,0.09074
2011,Hlutfall (%) af vergri þjóðarframleiðslu,C: 16-17 Trjá- og pappírsiðnaður,0.08492
2012,Hlutfall (%) af vergri þjóðarframleiðslu,C: 16-17 Trjá- og pappírsiðnaður,0.07505
2013,Hlutfall (%) af vergri þjóðarframleiðslu,C: 16-17 Trjá- og pappírsiðnaður,0.08496
2014,Hlutfall (%) af vergri þjóðarframleiðslu,C: 16-17 Trjá- og pappírsiðnaður,0.08856
2015,Hlutfall (%) af vergri þjóðarframleiðslu,C: 16-17 Trjá- og pappírsiðnaður,0.07811
2016,Hlutfall (%) af vergri þjóðarframleiðslu,C: 16-17 Trjá- og pappírsiðnaður,0.08333
2017,Hlutfall (%) af vergri þjóðarframleiðslu,C: 16-17 Trjá- og pappírsiðnaður,0.08551
2018,Hlutfall (%) af vergri þjóðarframleiðslu,C: 16-17 Trjá- og pappírsiðnaður,0.07044
2019,Hlutfall (%) af vergri þjóðarframleiðslu,C: 16-17 Trjá- og pappírsiðnaður,0.06569
2020,Hlutfall (%) af vergri þjóðarframleiðslu,C: 16-17 Trjá- og pappírsiðnaður,0.064
2021,Hlutfall (%) af vergri þjóðarframleiðslu,C: 16-17 Trjá- og pappírsiðnaður,0.0591
1997,Hlutfall (%) af vergri þjóðarframleiðslu,C: 18 Prentun og fjölföldun upptekins efnis,0.36177
1998,Hlutfall (%) af vergri þjóðarframleiðslu,C: 18 Prentun og fjölföldun upptekins efnis,0.38736
1999,Hlutfall (%) af vergri þjóðarframleiðslu,C: 18 Prentun og fjölföldun upptekins efnis,0.37506
2000,Hlutfall (%) af vergri þjóðarframleiðslu,C: 18 Prentun og fjölföldun upptekins efnis,0.31676
2001,Hlutfall (%) af vergri þjóðarframleiðslu,C: 18 Prentun og fjölföldun upptekins efnis,0.2957
2002,Hlutfall (%) af vergri þjóðarframleiðslu,C: 18 Prentun og fjölföldun upptekins efnis,0.27629
2003,Hlutfall (%) af vergri þjóðarframleiðslu,C: 18 Prentun og fjölföldun upptekins efnis,0.26381
2004,Hlutfall (%) af vergri þjóðarframleiðslu,C: 18 Prentun og fjölföldun upptekins efnis,0.29237
2005,Hlutfall (%) af vergri þjóðarframleiðslu,C: 18 Prentun og fjölföldun upptekins efnis,0.25759
2006,Hlutfall (%) af vergri þjóðarframleiðslu,C: 18 Prentun og fjölföldun upptekins efnis,0.24091
2007,Hlutfall (%) af vergri þjóðarframleiðslu,C: 18 Prentun og fjölföldun upptekins efnis,0.30292
2008,Hlutfall (%) af vergri þjóðarframleiðslu,C: 18 Prentun og fjölföldun upptekins efnis,0.33312
2009,Hlutfall (%) af vergri þjóðarframleiðslu,C: 18 Prentun og fjölföldun upptekins efnis,0.33422
2010,Hlutfall (%) af vergri þjóðarframleiðslu,C: 18 Prentun og fjölföldun upptekins efnis,0.33491
2011,Hlutfall (%) af vergri þjóðarframleiðslu,C: 18 Prentun og fjölföldun upptekins efnis,0.32621
2012,Hlutfall (%) af vergri þjóðarframleiðslu,C: 18 Prentun og fjölföldun upptekins efnis,0.30146
2013,Hlutfall (%) af vergri þjóðarframleiðslu,C: 18 Prentun og fjölföldun upptekins efnis,0.31325
2014,Hlutfall (%) af vergri þjóðarframleiðslu,C: 18 Prentun og fjölföldun upptekins efnis,0.30112
2015,Hlutfall (%) af vergri þjóðarframleiðslu,C: 18 Prentun og fjölföldun upptekins efnis,0.27528
2016,Hlutfall (%) af vergri þjóðarframleiðslu,C: 18 Prentun og fjölföldun upptekins efnis,0.27881
2017,Hlutfall (%) af vergri þjóðarframleiðslu,C: 18 Prentun og fjölföldun upptekins efnis,0.23911
2018,Hlutfall (%) af vergri þjóðarframleiðslu,C: 18 Prentun og fjölföldun upptekins efnis,0.19471
2019,Hlutfall (%) af vergri þjóðarframleiðslu,C: 18 Prentun og fjölföldun upptekins efnis,0.16694
2020,Hlutfall (%) af vergri þjóðarframleiðslu,C: 18 Prentun og fjölföldun upptekins efnis,0.119
2021,Hlutfall (%) af vergri þjóðarframleiðslu,C: 18 Prentun og fjölföldun upptekins efnis,0.1142
1997,Hlutfall (%) af vergri þjóðarframleiðslu,C: 19 Framleiðsla á koksi og hreinsuðum olíuvörum,0.0
1998,Hlutfall (%) af vergri þjóðarframleiðslu,C: 19 Framleiðsla á koksi og hreinsuðum olíuvörum,0.0
1999,Hlutfall (%) af vergri þjóðarframleiðslu,C: 19 Framleiðsla á koksi og hreinsuðum olíuvörum,0.0
2000,Hlutfall (%) af vergri þjóðarframleiðslu,C: 19 Framleiðsla á koksi og hreinsuðum olíuvörum,0.0
2001,Hlutfall (%) af vergri þjóðarframleiðslu,C: 19 Framleiðsla á koksi og hreinsuðum olíuvörum,0.0
2002,Hlutfall (%) af vergri þjóðarframleiðslu,C: 19 Framleiðsla á koksi og hreinsuðum olíuvörum,0.0
2003,Hlutfall (%) af vergri þjóðarframleiðslu,C: 19 Framleiðsla á koksi og hreinsuðum olíuvörum,0.0
2004,Hlutfall (%) af vergri þjóðarframleiðslu,C: 19 Framleiðsla á koksi og hreinsuðum olíuvörum,0.0
2005,Hlutfall (%) af vergri þjóðarframleiðslu,C: 19 Framleiðsla á koksi og hreinsuðum olíuvörum,0.0
2006,Hlutfall (%) af vergri þjóðarframleiðslu,C: 19 Framleiðsla á koksi og hreinsuðum olíuvörum,0.0
2007,Hlutfall (%) af vergri þjóðarframleiðslu,C: 19 Framleiðsla á koksi og hreinsuðum olíuvörum,1e-05
2008,Hlutfall (%) af vergri þjóðarframleiðslu,C: 19 Framleiðsla á koksi og hreinsuðum olíuvörum,1e-05
2009,Hlutfall (%) af vergri þjóðarframleiðslu,C: 19 Framleiðsla á koksi og hreinsuðum olíuvörum,1e-05
2010,Hlutfall (%) af vergri þjóðarframleiðslu,C: 19 Framleiðsla á koksi og hreinsuðum olíuvörum,0.00023
2011,Hlutfall (%) af vergri þjóðarframleiðslu,C: 19 Framleiðsla á koksi og hreinsuðum olíuvörum,0.00011
2012,Hlutfall (%) af vergri þjóðarframleiðslu,C: 19 Framleiðsla á koksi og hreinsuðum olíuvörum,-1e-05
2013,Hlutfall (%) af vergri þjóðarframleiðslu,C: 19 Framleiðsla á koksi og hreinsuðum olíuvörum,0.00052
2014,Hlutfall (%) af vergri þjóðarframleiðslu,C: 19 Framleiðsla á koksi og hreinsuðum olíuvörum,0.00065
2015,Hlutfall (%) af vergri þjóðarframleiðslu,C: 19 Framleiðsla á koksi og hreinsuðum olíuvörum,-0.00159
2016,Hlutfall (%) af vergri þjóðarframleiðslu,C: 19 Framleiðsla á koksi og hreinsuðum olíuvörum,0.00175
2017,Hlutfall (%) af vergri þjóðarframleiðslu,C: 19 Framleiðsla á koksi og hreinsuðum olíuvörum,0.0118
2018,Hlutfall (%) af vergri þjóðarframleiðslu,C: 19 Framleiðsla á koksi og hreinsuðum olíuvörum,0.01463
2019,Hlutfall (%) af vergri þjóðarframleiðslu,C: 19 Framleiðsla á koksi og hreinsuðum olíuvörum,0.0118
2020,Hlutfall (%) af vergri þjóðarframleiðslu,C: 19 Framleiðsla á koksi og hreinsuðum olíuvörum,0.005
2021,Hlutfall (%) af vergri þjóðarframleiðslu,C: 19 Framleiðsla á koksi og hreinsuðum olíuvörum,0.0057
1997,Hlutfall (%) af vergri þjóðarframleiðslu,C: 20-21 Framleiðsla á efnum og efnavörum og á lyfjum og efnum til lyfjagerðar,0.56875
1998,Hlutfall (%) af vergri þjóðarframleiðslu,C: 20-21 Framleiðsla á efnum og efnavörum og á lyfjum og efnum til lyfjagerðar,0.56457
1999,Hlutfall (%) af vergri þjóðarframleiðslu,C: 20-21 Framleiðsla á efnum og efnavörum og á lyfjum og efnum til lyfjagerðar,0.54051
2000,Hlutfall (%) af vergri þjóðarframleiðslu,C: 20-21 Framleiðsla á efnum og efnavörum og á lyfjum og efnum til lyfjagerðar,0.55495
2001,Hlutfall (%) af vergri þjóðarframleiðslu,C: 20-21 Framleiðsla á efnum og efnavörum og á lyfjum og efnum til lyfjagerðar,0.65468
2002,Hlutfall (%) af vergri þjóðarframleiðslu,C: 20-21 Framleiðsla á efnum og efnavörum og á lyfjum og efnum til lyfjagerðar,0.67296
2003,Hlutfall (%) af vergri þjóðarframleiðslu,C: 20-21 Framleiðsla á efnum og efnavörum og á lyfjum og efnum til lyfjagerðar,0.8995
2004,Hlutfall (%) af vergri þjóðarframleiðslu,C: 20-21 Framleiðsla á efnum og efnavörum og á lyfjum og efnum til lyfjagerðar,1.01901
2005,Hlutfall (%) af vergri þjóðarframleiðslu,C: 20-21 Framleiðsla á efnum og efnavörum og á lyfjum og efnum til lyfjagerðar,0.56585
2006,Hlutfall (%) af vergri þjóðarframleiðslu,C: 20-21 Framleiðsla á efnum og efnavörum og á lyfjum og efnum til lyfjagerðar,0.51601
2007,Hlutfall (%) af vergri þjóðarframleiðslu,C: 20-21 Framleiðsla á efnum og efnavörum og á lyfjum og efnum til lyfjagerðar,0.48934
2008,Hlutfall (%) af vergri þjóðarframleiðslu,C: 20-21 Framleiðsla á efnum og efnavörum og á lyfjum og efnum til lyfjagerðar,0.61418
2009,Hlutfall (%) af vergri þjóðarframleiðslu,C: 20-21 Framleiðsla á efnum og efnavörum og á lyfjum og efnum til lyfjagerðar,0.5125
2010,Hlutfall (%) af vergri þjóðarframleiðslu,C: 20-21 Framleiðsla á efnum og efnavörum og á lyfjum og efnum til lyfjagerðar,0.47909
2011,Hlutfall (%) af vergri þjóðarframleiðslu,C: 20-21 Framleiðsla á efnum og efnavörum og á lyfjum og efnum til lyfjagerðar,0.47243
2012,Hlutfall (%) af vergri þjóðarframleiðslu,C: 20-21 Framleiðsla á efnum og efnavörum og á lyfjum og efnum til lyfjagerðar,0.40853
2013,Hlutfall (%) af vergri þjóðarframleiðslu,C: 20-21 Framleiðsla á efnum og efnavörum og á lyfjum og efnum til lyfjagerðar,0.40557
2014,Hlutfall (%) af vergri þjóðarframleiðslu,C: 20-21 Framleiðsla á efnum og efnavörum og á lyfjum og efnum til lyfjagerðar,0.39623
2015,Hlutfall (%) af vergri þjóðarframleiðslu,C: 20-21 Framleiðsla á efnum og efnavörum og á lyfjum og efnum til lyfjagerðar,0.32866
2016,Hlutfall (%) af vergri þjóðarframleiðslu,C: 20-21 Framleiðsla á efnum og efnavörum og á lyfjum og efnum til lyfjagerðar,0.27523
2017,Hlutfall (%) af vergri þjóðarframleiðslu,C: 20-21 Framleiðsla á efnum og efnavörum og á lyfjum og efnum til lyfjagerðar,-0.07174
2018,Hlutfall (%) af vergri þjóðarframleiðslu,C: 20-21 Framleiðsla á efnum og efnavörum og á lyfjum og efnum til lyfjagerðar,-0.04197
2019,Hlutfall (%) af vergri þjóðarframleiðslu,C: 20-21 Framleiðsla á efnum og efnavörum og á lyfjum og efnum til lyfjagerðar,0.282
2020,Hlutfall (%) af vergri þjóðarframleiðslu,C: 20-21 Framleiðsla á efnum og efnavörum og á lyfjum og efnum til lyfjagerðar,0.316
2021,Hlutfall (%) af vergri þjóðarframleiðslu,C: 20-21 Framleiðsla á efnum og efnavörum og á lyfjum og efnum til lyfjagerðar,-0.1979
1997,Hlutfall (%) af vergri þjóðarframleiðslu,C: 22 Framleiðsla á gúmmí- og plastvörum,0.41384
1998,Hlutfall (%) af vergri þjóðarframleiðslu,C: 22 Framleiðsla á gúmmí- og plastvörum,0.38268
1999,Hlutfall (%) af vergri þjóðarframleiðslu,C: 22 Framleiðsla á gúmmí- og plastvörum,0.36033
2000,Hlutfall (%) af vergri þjóðarframleiðslu,C: 22 Framleiðsla á gúmmí- og plastvörum,0.32248
2001,Hlutfall (%) af vergri þjóðarframleiðslu,C: 22 Framleiðsla á gúmmí- og plastvörum,0.31265
2002,Hlutfall (%) af vergri þjóðarframleiðslu,C: 22 Framleiðsla á gúmmí- og plastvörum,0.28243
2003,Hlutfall (%) af vergri þjóðarframleiðslu,C: 22 Framleiðsla á gúmmí- og plastvörum,0.30611
2004,Hlutfall (%) af vergri þjóðarframleiðslu,C: 22 Framleiðsla á gúmmí- og plastvörum,0.28467
2005,Hlutfall (%) af vergri þjóðarframleiðslu,C: 22 Framleiðsla á gúmmí- og plastvörum,0.24263
2006,Hlutfall (%) af vergri þjóðarframleiðslu,C: 22 Framleiðsla á gúmmí- og plastvörum,0.17787
2007,Hlutfall (%) af vergri þjóðarframleiðslu,C: 22 Framleiðsla á gúmmí- og plastvörum,0.17809
2008,Hlutfall (%) af vergri þjóðarframleiðslu,C: 22 Framleiðsla á gúmmí- og plastvörum,0.17783
2009,Hlutfall (%) af vergri þjóðarframleiðslu,C: 22 Framleiðsla á gúmmí- og plastvörum,0.15671
2010,Hlutfall (%) af vergri þjóðarframleiðslu,C: 22 Framleiðsla á gúmmí- og plastvörum,0.13555
2011,Hlutfall (%) af vergri þjóðarframleiðslu,C: 22 Framleiðsla á gúmmí- og plastvörum,0.14693
2012,Hlutfall (%) af vergri þjóðarframleiðslu,C: 22 Framleiðsla á gúmmí- og plastvörum,0.1472
2013,Hlutfall (%) af vergri þjóðarframleiðslu,C: 22 Framleiðsla á gúmmí- og plastvörum,0.14677
2014,Hlutfall (%) af vergri þjóðarframleiðslu,C: 22 Framleiðsla á gúmmí- og plastvörum,0.14099
2015,Hlutfall (%) af vergri þjóðarframleiðslu,C: 22 Framleiðsla á gúmmí- og plastvörum,0.15469
2016,Hlutfall (%) af vergri þjóðarframleiðslu,C: 22 Framleiðsla á gúmmí- og plastvörum,0.13093
2017,Hlutfall (%) af vergri þjóðarframleiðslu,C: 22 Framleiðsla á gúmmí- og plastvörum,0.1244
2018,Hlutfall (%) af vergri þjóðarframleiðslu,C: 22 Framleiðsla á gúmmí- og plastvörum,0.12168
2019,Hlutfall (%) af vergri þjóðarframleiðslu,C: 22 Framleiðsla á gúmmí- og plastvörum,0.11508
2020,Hlutfall (%) af vergri þjóðarframleiðslu,C: 22 Framleiðsla á gúmmí- og plastvörum,0.131
2021,Hlutfall (%) af vergri þjóðarframleiðslu,C: 22 Framleiðsla á gúmmí- og plastvörum,0.0999
1997,Hlutfall (%) af vergri þjóðarframleiðslu,C: 23 Framleiðsla á vörum úr málmlausum steinefnum,0.61454
1998,Hlutfall (%) af vergri þjóðarframleiðslu,C: 23 Framleiðsla á vörum úr málmlausum steinefnum,0.58745
1999,Hlutfall (%) af vergri þjóðarframleiðslu,C: 23 Framleiðsla á vörum úr málmlausum steinefnum,0.51987
2000,Hlutfall (%) af vergri þjóðarframleiðslu,C: 23 Framleiðsla á vörum úr málmlausum steinefnum,0.60053
2001,Hlutfall (%) af vergri þjóðarframleiðslu,C: 23 Framleiðsla á vörum úr málmlausum steinefnum,0.56881
2002,Hlutfall (%) af vergri þjóðarframleiðslu,C: 23 Framleiðsla á vörum úr málmlausum steinefnum,0.49703
2003,Hlutfall (%) af vergri þjóðarframleiðslu,C: 23 Framleiðsla á vörum úr málmlausum steinefnum,0.50464
2004,Hlutfall (%) af vergri þjóðarframleiðslu,C: 23 Framleiðsla á vörum úr málmlausum steinefnum,0.51528
2005,Hlutfall (%) af vergri þjóðarframleiðslu,C: 23 Framleiðsla á vörum úr málmlausum steinefnum,0.61852
2006,Hlutfall (%) af vergri þjóðarframleiðslu,C: 23 Framleiðsla á vörum úr málmlausum steinefnum,0.70452
2007,Hlutfall (%) af vergri þjóðarframleiðslu,C: 23 Framleiðsla á vörum úr málmlausum steinefnum,0.78752
2008,Hlutfall (%) af vergri þjóðarframleiðslu,C: 23 Framleiðsla á vörum úr málmlausum steinefnum,0.61498
2009,Hlutfall (%) af vergri þjóðarframleiðslu,C: 23 Framleiðsla á vörum úr málmlausum steinefnum,0.3144
2010,Hlutfall (%) af vergri þjóðarframleiðslu,C: 23 Framleiðsla á vörum úr málmlausum steinefnum,0.24
2011,Hlutfall (%) af vergri þjóðarframleiðslu,C: 23 Framleiðsla á vörum úr málmlausum steinefnum,0.20677
2012,Hlutfall (%) af vergri þjóðarframleiðslu,C: 23 Framleiðsla á vörum úr málmlausum steinefnum,0.20775
2013,Hlutfall (%) af vergri þjóðarframleiðslu,C: 23 Framleiðsla á vörum úr málmlausum steinefnum,0.22977
2014,Hlutfall (%) af vergri þjóðarframleiðslu,C: 23 Framleiðsla á vörum úr málmlausum steinefnum,0.28663
2015,Hlutfall (%) af vergri þjóðarframleiðslu,C: 23 Framleiðsla á vörum úr málmlausum steinefnum,0.33176
2016,Hlutfall (%) af vergri þjóðarframleiðslu,C: 23 Framleiðsla á vörum úr málmlausum steinefnum,0.3782
2017,Hlutfall (%) af vergri þjóðarframleiðslu,C: 23 Framleiðsla á vörum úr málmlausum steinefnum,0.45397
2018,Hlutfall (%) af vergri þjóðarframleiðslu,C: 23 Framleiðsla á vörum úr málmlausum steinefnum,0.4653
2019,Hlutfall (%) af vergri þjóðarframleiðslu,C: 23 Framleiðsla á vörum úr málmlausum steinefnum,0.41044
2020,Hlutfall (%) af vergri þjóðarframleiðslu,C: 23 Framleiðsla á vörum úr málmlausum steinefnum,0.44
2021,Hlutfall (%) af vergri þjóðarframleiðslu,C: 23 Framleiðsla á vörum úr málmlausum steinefnum,0.4994
1997,Hlutfall (%) af vergri þjóðarframleiðslu,C: 24 Framleiðsla málma,1.3196
1998,Hlutfall (%) af vergri þjóðarframleiðslu,C: 24 Framleiðsla málma,1.32947
1999,Hlutfall (%) af vergri þjóðarframleiðslu,C: 24 Framleiðsla málma,0.97429
2000,Hlutfall (%) af vergri þjóðarframleiðslu,C: 24 Framleiðsla málma,1.52869
2001,Hlutfall (%) af vergri þjóðarframleiðslu,C: 24 Framleiðsla málma,1.71714
2002,Hlutfall (%) af vergri þjóðarframleiðslu,C: 24 Framleiðsla málma,1.51713
2003,Hlutfall (%) af vergri þjóðarframleiðslu,C: 24 Framleiðsla málma,1.28318
2004,Hlutfall (%) af vergri þjóðarframleiðslu,C: 24 Framleiðsla málma,1.38549
2005,Hlutfall (%) af vergri þjóðarframleiðslu,C: 24 Framleiðsla málma,0.94112
2006,Hlutfall (%) af vergri þjóðarframleiðslu,C: 24 Framleiðsla málma,1.54292
2007,Hlutfall (%) af vergri þjóðarframleiðslu,C: 24 Framleiðsla málma,1.27915
2008,Hlutfall (%) af vergri þjóðarframleiðslu,C: 24 Framleiðsla málma,2.73046
2009,Hlutfall (%) af vergri þjóðarframleiðslu,C: 24 Framleiðsla málma,2.15738
2010,Hlutfall (%) af vergri þjóðarframleiðslu,C: 24 Framleiðsla málma,4.2534
2011,Hlutfall (%) af vergri þjóðarframleiðslu,C: 24 Framleiðsla málma,3.85436
2012,Hlutfall (%) af vergri þjóðarframleiðslu,C: 24 Framleiðsla málma,2.52241
2013,Hlutfall (%) af vergri þjóðarframleiðslu,C: 24 Framleiðsla málma,2.29442
2014,Hlutfall (%) af vergri þjóðarframleiðslu,C: 24 Framleiðsla málma,2.57386
2015,Hlutfall (%) af vergri þjóðarframleiðslu,C: 24 Framleiðsla málma,2.16235
2016,Hlutfall (%) af vergri þjóðarframleiðslu,C: 24 Framleiðsla málma,1.38641
2017,Hlutfall (%) af vergri þjóðarframleiðslu,C: 24 Framleiðsla málma,1.76279
2018,Hlutfall (%) af vergri þjóðarframleiðslu,C: 24 Framleiðsla málma,1.06671
2019,Hlutfall (%) af vergri þjóðarframleiðslu,C: 24 Framleiðsla málma,1.14224
2020,Hlutfall (%) af vergri þjóðarframleiðslu,C: 24 Framleiðsla málma,1.0246
2021,Hlutfall (%) af vergri þjóðarframleiðslu,C: 24 Framleiðsla málma,1.2464
1997,Hlutfall (%) af vergri þjóðarframleiðslu,"C: 25 Framleiðsla á málmvörum, að undanskildum vélum og búnaði",0.96913
1998,Hlutfall (%) af vergri þjóðarframleiðslu,"C: 25 Framleiðsla á málmvörum, að undanskildum vélum og búnaði",0.97306
1999,Hlutfall (%) af vergri þjóðarframleiðslu,"C: 25 Framleiðsla á málmvörum, að undanskildum vélum og búnaði",0.93668
2000,Hlutfall (%) af vergri þjóðarframleiðslu,"C: 25 Framleiðsla á málmvörum, að undanskildum vélum og búnaði",0.89359
2001,Hlutfall (%) af vergri þjóðarframleiðslu,"C: 25 Framleiðsla á málmvörum, að undanskildum vélum og búnaði",0.79749
2002,Hlutfall (%) af vergri þjóðarframleiðslu,"C: 25 Framleiðsla á málmvörum, að undanskildum vélum og búnaði",0.76376
2003,Hlutfall (%) af vergri þjóðarframleiðslu,"C: 25 Framleiðsla á málmvörum, að undanskildum vélum og búnaði",0.71636
2004,Hlutfall (%) af vergri þjóðarframleiðslu,"C: 25 Framleiðsla á málmvörum, að undanskildum vélum og búnaði",0.66543
2005,Hlutfall (%) af vergri þjóðarframleiðslu,"C: 25 Framleiðsla á málmvörum, að undanskildum vélum og búnaði",0.69287
2006,Hlutfall (%) af vergri þjóðarframleiðslu,"C: 25 Framleiðsla á málmvörum, að undanskildum vélum og búnaði",0.72182
2007,Hlutfall (%) af vergri þjóðarframleiðslu,"C: 25 Framleiðsla á málmvörum, að undanskildum vélum og búnaði",0.80663
2008,Hlutfall (%) af vergri þjóðarframleiðslu,"C: 25 Framleiðsla á málmvörum, að undanskildum vélum og búnaði",0.69994
2009,Hlutfall (%) af vergri þjóðarframleiðslu,"C: 25 Framleiðsla á málmvörum, að undanskildum vélum og búnaði",0.47871
2010,Hlutfall (%) af vergri þjóðarframleiðslu,"C: 25 Framleiðsla á málmvörum, að undanskildum vélum og búnaði",0.53224
2011,Hlutfall (%) af vergri þjóðarframleiðslu,"C: 25 Framleiðsla á málmvörum, að undanskildum vélum og búnaði",0.54046
2012,Hlutfall (%) af vergri þjóðarframleiðslu,"C: 25 Framleiðsla á málmvörum, að undanskildum vélum og búnaði",0.5678
2013,Hlutfall (%) af vergri þjóðarframleiðslu,"C: 25 Framleiðsla á málmvörum, að undanskildum vélum og búnaði",0.56001
2014,Hlutfall (%) af vergri þjóðarframleiðslu,"C: 25 Framleiðsla á málmvörum, að undanskildum vélum og búnaði",0.62138
2015,Hlutfall (%) af vergri þjóðarframleiðslu,"C: 25 Framleiðsla á málmvörum, að undanskildum vélum og búnaði",0.61992
2016,Hlutfall (%) af vergri þjóðarframleiðslu,"C: 25 Framleiðsla á málmvörum, að undanskildum vélum og búnaði",0.6632
2017,Hlutfall (%) af vergri þjóðarframleiðslu,"C: 25 Framleiðsla á málmvörum, að undanskildum vélum og búnaði",0.66276
2018,Hlutfall (%) af vergri þjóðarframleiðslu,"C: 25 Framleiðsla á málmvörum, að undanskildum vélum og búnaði",0.68521
2019,Hlutfall (%) af vergri þjóðarframleiðslu,"C: 25 Framleiðsla á málmvörum, að undanskildum vélum og búnaði",0.70229
2020,Hlutfall (%) af vergri þjóðarframleiðslu,"C: 25 Framleiðsla á málmvörum, að undanskildum vélum og búnaði",0.677
2021,Hlutfall (%) af vergri þjóðarframleiðslu,"C: 25 Framleiðsla á málmvörum, að undanskildum vélum og búnaði",0.647
1997,Hlutfall (%) af vergri þjóðarframleiðslu,"C: 26 Framleiðsla á tölvu-, rafeinda- og optískum vörum",0.02325
1998,Hlutfall (%) af vergri þjóðarframleiðslu,"C: 26 Framleiðsla á tölvu-, rafeinda- og optískum vörum",0.02646
1999,Hlutfall (%) af vergri þjóðarframleiðslu,"C: 26 Framleiðsla á tölvu-, rafeinda- og optískum vörum",0.02794
2000,Hlutfall (%) af vergri þjóðarframleiðslu,"C: 26 Framleiðsla á tölvu-, rafeinda- og optískum vörum",0.03362
2001,Hlutfall (%) af vergri þjóðarframleiðslu,"C: 26 Framleiðsla á tölvu-, rafeinda- og optískum vörum",0.04071
2002,Hlutfall (%) af vergri þjóðarframleiðslu,"C: 26 Framleiðsla á tölvu-, rafeinda- og optískum vörum",0.03907
2003,Hlutfall (%) af vergri þjóðarframleiðslu,"C: 26 Framleiðsla á tölvu-, rafeinda- og optískum vörum",0.0347
2004,Hlutfall (%) af vergri þjóðarframleiðslu,"C: 26 Framleiðsla á tölvu-, rafeinda- og optískum vörum",0.04201
2005,Hlutfall (%) af vergri þjóðarframleiðslu,"C: 26 Framleiðsla á tölvu-, rafeinda- og optískum vörum",0.02677
2006,Hlutfall (%) af vergri þjóðarframleiðslu,"C: 26 Framleiðsla á tölvu-, rafeinda- og optískum vörum",0.05217
2007,Hlutfall (%) af vergri þjóðarframleiðslu,"C: 26 Framleiðsla á tölvu-, rafeinda- og optískum vörum",0.03966
2008,Hlutfall (%) af vergri þjóðarframleiðslu,"C: 26 Framleiðsla á tölvu-, rafeinda- og optískum vörum",0.04014
2009,Hlutfall (%) af vergri þjóðarframleiðslu,"C: 26 Framleiðsla á tölvu-, rafeinda- og optískum vörum",0.04976
2010,Hlutfall (%) af vergri þjóðarframleiðslu,"C: 26 Framleiðsla á tölvu-, rafeinda- og optískum vörum",0.05038
2011,Hlutfall (%) af vergri þjóðarframleiðslu,"C: 26 Framleiðsla á tölvu-, rafeinda- og optískum vörum",0.06125
2012,Hlutfall (%) af vergri þjóðarframleiðslu,"C: 26 Framleiðsla á tölvu-, rafeinda- og optískum vörum",0.04651
2013,Hlutfall (%) af vergri þjóðarframleiðslu,"C: 26 Framleiðsla á tölvu-, rafeinda- og optískum vörum",0.04535
2014,Hlutfall (%) af vergri þjóðarframleiðslu,"C: 26 Framleiðsla á tölvu-, rafeinda- og optískum vörum",0.05882
2015,Hlutfall (%) af vergri þjóðarframleiðslu,"C: 26 Framleiðsla á tölvu-, rafeinda- og optískum vörum",0.04737
2016,Hlutfall (%) af vergri þjóðarframleiðslu,"C: 26 Framleiðsla á tölvu-, rafeinda- og optískum vörum",0.04711
2017,Hlutfall (%) af vergri þjóðarframleiðslu,"C: 26 Framleiðsla á tölvu-, rafeinda- og optískum vörum",0.04183
2018,Hlutfall (%) af vergri þjóðarframleiðslu,"C: 26 Framleiðsla á tölvu-, rafeinda- og optískum vörum",0.04101
2019,Hlutfall (%) af vergri þjóðarframleiðslu,"C: 26 Framleiðsla á tölvu-, rafeinda- og optískum vörum",0.03095
2020,Hlutfall (%) af vergri þjóðarframleiðslu,"C: 26 Framleiðsla á tölvu-, rafeinda- og optískum vörum",0.0856
2021,Hlutfall (%) af vergri þjóðarframleiðslu,"C: 26 Framleiðsla á tölvu-, rafeinda- og optískum vörum",0.2671
1997,Hlutfall (%) af vergri þjóðarframleiðslu,C: 27 Framleiðsla á rafbúnaði og heimilistækjum,0.06874
1998,Hlutfall (%) af vergri þjóðarframleiðslu,C: 27 Framleiðsla á rafbúnaði og heimilistækjum,0.07055
1999,Hlutfall (%) af vergri þjóðarframleiðslu,C: 27 Framleiðsla á rafbúnaði og heimilistækjum,0.07324
2000,Hlutfall (%) af vergri þjóðarframleiðslu,C: 27 Framleiðsla á rafbúnaði og heimilistækjum,0.07024
2001,Hlutfall (%) af vergri þjóðarframleiðslu,C: 27 Framleiðsla á rafbúnaði og heimilistækjum,0.06634
2002,Hlutfall (%) af vergri þjóðarframleiðslu,C: 27 Framleiðsla á rafbúnaði og heimilistækjum,0.05612
2003,Hlutfall (%) af vergri þjóðarframleiðslu,C: 27 Framleiðsla á rafbúnaði og heimilistækjum,0.04545
2004,Hlutfall (%) af vergri þjóðarframleiðslu,C: 27 Framleiðsla á rafbúnaði og heimilistækjum,0.04622
2005,Hlutfall (%) af vergri þjóðarframleiðslu,C: 27 Framleiðsla á rafbúnaði og heimilistækjum,0.05432
2006,Hlutfall (%) af vergri þjóðarframleiðslu,C: 27 Framleiðsla á rafbúnaði og heimilistækjum,0.04146
2007,Hlutfall (%) af vergri þjóðarframleiðslu,C: 27 Framleiðsla á rafbúnaði og heimilistækjum,0.0373
2008,Hlutfall (%) af vergri þjóðarframleiðslu,C: 27 Framleiðsla á rafbúnaði og heimilistækjum,0.05626
2009,Hlutfall (%) af vergri þjóðarframleiðslu,C: 27 Framleiðsla á rafbúnaði og heimilistækjum,0.05834
2010,Hlutfall (%) af vergri þjóðarframleiðslu,C: 27 Framleiðsla á rafbúnaði og heimilistækjum,0.08378
2011,Hlutfall (%) af vergri þjóðarframleiðslu,C: 27 Framleiðsla á rafbúnaði og heimilistækjum,0.11925
2012,Hlutfall (%) af vergri þjóðarframleiðslu,C: 27 Framleiðsla á rafbúnaði og heimilistækjum,0.13167
2013,Hlutfall (%) af vergri þjóðarframleiðslu,C: 27 Framleiðsla á rafbúnaði og heimilistækjum,0.14657
2014,Hlutfall (%) af vergri þjóðarframleiðslu,C: 27 Framleiðsla á rafbúnaði og heimilistækjum,0.05497
2015,Hlutfall (%) af vergri þjóðarframleiðslu,C: 27 Framleiðsla á rafbúnaði og heimilistækjum,0.09464
2016,Hlutfall (%) af vergri þjóðarframleiðslu,C: 27 Framleiðsla á rafbúnaði og heimilistækjum,0.07553
2017,Hlutfall (%) af vergri þjóðarframleiðslu,C: 27 Framleiðsla á rafbúnaði og heimilistækjum,0.0651
2018,Hlutfall (%) af vergri þjóðarframleiðslu,C: 27 Framleiðsla á rafbúnaði og heimilistækjum,0.07134
2019,Hlutfall (%) af vergri þjóðarframleiðslu,C: 27 Framleiðsla á rafbúnaði og heimilistækjum,0.05453
2020,Hlutfall (%) af vergri þjóðarframleiðslu,C: 27 Framleiðsla á rafbúnaði og heimilistækjum,0.0849
2021,Hlutfall (%) af vergri þjóðarframleiðslu,C: 27 Framleiðsla á rafbúnaði og heimilistækjum,0.0823
1997,Hlutfall (%) af vergri þjóðarframleiðslu,C: 28 Framleiðsla á öðrum ótöldum vélum og tækjum,0.60553
1998,Hlutfall (%) af vergri þjóðarframleiðslu,C: 28 Framleiðsla á öðrum ótöldum vélum og tækjum,0.56412
1999,Hlutfall (%) af vergri þjóðarframleiðslu,C: 28 Framleiðsla á öðrum ótöldum vélum og tækjum,0.54159
2000,Hlutfall (%) af vergri þjóðarframleiðslu,C: 28 Framleiðsla á öðrum ótöldum vélum og tækjum,0.46489
2001,Hlutfall (%) af vergri þjóðarframleiðslu,C: 28 Framleiðsla á öðrum ótöldum vélum og tækjum,0.532
2002,Hlutfall (%) af vergri þjóðarframleiðslu,C: 28 Framleiðsla á öðrum ótöldum vélum og tækjum,0.51757
2003,Hlutfall (%) af vergri þjóðarframleiðslu,C: 28 Framleiðsla á öðrum ótöldum vélum og tækjum,0.53103
2004,Hlutfall (%) af vergri þjóðarframleiðslu,C: 28 Framleiðsla á öðrum ótöldum vélum og tækjum,0.52012
2005,Hlutfall (%) af vergri þjóðarframleiðslu,C: 28 Framleiðsla á öðrum ótöldum vélum og tækjum,0.42439
2006,Hlutfall (%) af vergri þjóðarframleiðslu,C: 28 Framleiðsla á öðrum ótöldum vélum og tækjum,0.41089
2007,Hlutfall (%) af vergri þjóðarframleiðslu,C: 28 Framleiðsla á öðrum ótöldum vélum og tækjum,0.3667
2008,Hlutfall (%) af vergri þjóðarframleiðslu,C: 28 Framleiðsla á öðrum ótöldum vélum og tækjum,0.45533
2009,Hlutfall (%) af vergri þjóðarframleiðslu,C: 28 Framleiðsla á öðrum ótöldum vélum og tækjum,0.51333
2010,Hlutfall (%) af vergri þjóðarframleiðslu,C: 28 Framleiðsla á öðrum ótöldum vélum og tækjum,0.59574
2011,Hlutfall (%) af vergri þjóðarframleiðslu,C: 28 Framleiðsla á öðrum ótöldum vélum og tækjum,0.59267
2012,Hlutfall (%) af vergri þjóðarframleiðslu,C: 28 Framleiðsla á öðrum ótöldum vélum og tækjum,0.69573
2013,Hlutfall (%) af vergri þjóðarframleiðslu,C: 28 Framleiðsla á öðrum ótöldum vélum og tækjum,0.59011
2014,Hlutfall (%) af vergri þjóðarframleiðslu,C: 28 Framleiðsla á öðrum ótöldum vélum og tækjum,0.6324
2015,Hlutfall (%) af vergri þjóðarframleiðslu,C: 28 Framleiðsla á öðrum ótöldum vélum og tækjum,0.54728
2016,Hlutfall (%) af vergri þjóðarframleiðslu,C: 28 Framleiðsla á öðrum ótöldum vélum og tækjum,0.6277
2017,Hlutfall (%) af vergri þjóðarframleiðslu,C: 28 Framleiðsla á öðrum ótöldum vélum og tækjum,0.64322
2018,Hlutfall (%) af vergri þjóðarframleiðslu,C: 28 Framleiðsla á öðrum ótöldum vélum og tækjum,0.72231
2019,Hlutfall (%) af vergri þjóðarframleiðslu,C: 28 Framleiðsla á öðrum ótöldum vélum og tækjum,0.67827
2020,Hlutfall (%) af vergri þjóðarframleiðslu,C: 28 Framleiðsla á öðrum ótöldum vélum og tækjum,0.7956
2021,Hlutfall (%) af vergri þjóðarframleiðslu,C: 28 Framleiðsla á öðrum ótöldum vélum og tækjum,0.7412
1997,Hlutfall (%) af vergri þjóðarframleiðslu,C: 29 Framleiðsla á vélknúnum ökutækjum og tengivögnum,0.04906
1998,Hlutfall (%) af vergri þjóðarframleiðslu,C: 29 Framleiðsla á vélknúnum ökutækjum og tengivögnum,0.04911
1999,Hlutfall (%) af vergri þjóðarframleiðslu,C: 29 Framleiðsla á vélknúnum ökutækjum og tengivögnum,0.04737
2000,Hlutfall (%) af vergri þjóðarframleiðslu,C: 29 Framleiðsla á vélknúnum ökutækjum og tengivögnum,0.04463
2001,Hlutfall (%) af vergri þjóðarframleiðslu,C: 29 Framleiðsla á vélknúnum ökutækjum og tengivögnum,0.04776
2002,Hlutfall (%) af vergri þjóðarframleiðslu,C: 29 Framleiðsla á vélknúnum ökutækjum og tengivögnum,0.04447
2003,Hlutfall (%) af vergri þjóðarframleiðslu,C: 29 Framleiðsla á vélknúnum ökutækjum og tengivögnum,0.03857
2004,Hlutfall (%) af vergri þjóðarframleiðslu,C: 29 Framleiðsla á vélknúnum ökutækjum og tengivögnum,0.03707
2005,Hlutfall (%) af vergri þjóðarframleiðslu,C: 29 Framleiðsla á vélknúnum ökutækjum og tengivögnum,0.0398
2006,Hlutfall (%) af vergri þjóðarframleiðslu,C: 29 Framleiðsla á vélknúnum ökutækjum og tengivögnum,0.03059
2007,Hlutfall (%) af vergri þjóðarframleiðslu,C: 29 Framleiðsla á vélknúnum ökutækjum og tengivögnum,0.03526
2008,Hlutfall (%) af vergri þjóðarframleiðslu,C: 29 Framleiðsla á vélknúnum ökutækjum og tengivögnum,0.03165
2009,Hlutfall (%) af vergri þjóðarframleiðslu,C: 29 Framleiðsla á vélknúnum ökutækjum og tengivögnum,0.02771
2010,Hlutfall (%) af vergri þjóðarframleiðslu,C: 29 Framleiðsla á vélknúnum ökutækjum og tengivögnum,0.02364
2011,Hlutfall (%) af vergri þjóðarframleiðslu,C: 29 Framleiðsla á vélknúnum ökutækjum og tengivögnum,0.03136
2012,Hlutfall (%) af vergri þjóðarframleiðslu,C: 29 Framleiðsla á vélknúnum ökutækjum og tengivögnum,0.0239
2013,Hlutfall (%) af vergri þjóðarframleiðslu,C: 29 Framleiðsla á vélknúnum ökutækjum og tengivögnum,0.0228
2014,Hlutfall (%) af vergri þjóðarframleiðslu,C: 29 Framleiðsla á vélknúnum ökutækjum og tengivögnum,0.02408
2015,Hlutfall (%) af vergri þjóðarframleiðslu,C: 29 Framleiðsla á vélknúnum ökutækjum og tengivögnum,0.02586
2016,Hlutfall (%) af vergri þjóðarframleiðslu,C: 29 Framleiðsla á vélknúnum ökutækjum og tengivögnum,0.02666
2017,Hlutfall (%) af vergri þjóðarframleiðslu,C: 29 Framleiðsla á vélknúnum ökutækjum og tengivögnum,0.02031
2018,Hlutfall (%) af vergri þjóðarframleiðslu,C: 29 Framleiðsla á vélknúnum ökutækjum og tengivögnum,0.01885
2019,Hlutfall (%) af vergri þjóðarframleiðslu,C: 29 Framleiðsla á vélknúnum ökutækjum og tengivögnum,0.01431
2020,Hlutfall (%) af vergri þjóðarframleiðslu,C: 29 Framleiðsla á vélknúnum ökutækjum og tengivögnum,0.0164
2021,Hlutfall (%) af vergri þjóðarframleiðslu,C: 29 Framleiðsla á vélknúnum ökutækjum og tengivögnum,0.0158
1997,Hlutfall (%) af vergri þjóðarframleiðslu,C: 30 Framleiðsla annarra farartækja,0.2074
1998,Hlutfall (%) af vergri þjóðarframleiðslu,C: 30 Framleiðsla annarra farartækja,0.18527
1999,Hlutfall (%) af vergri þjóðarframleiðslu,C: 30 Framleiðsla annarra farartækja,0.15351
2000,Hlutfall (%) af vergri þjóðarframleiðslu,C: 30 Framleiðsla annarra farartækja,0.149
2001,Hlutfall (%) af vergri þjóðarframleiðslu,C: 30 Framleiðsla annarra farartækja,0.14466
2002,Hlutfall (%) af vergri þjóðarframleiðslu,C: 30 Framleiðsla annarra farartækja,0.13962
2003,Hlutfall (%) af vergri þjóðarframleiðslu,C: 30 Framleiðsla annarra farartækja,0.11088
2004,Hlutfall (%) af vergri þjóðarframleiðslu,C: 30 Framleiðsla annarra farartækja,0.10266
2005,Hlutfall (%) af vergri þjóðarframleiðslu,C: 30 Framleiðsla annarra farartækja,0.10688
2006,Hlutfall (%) af vergri þjóðarframleiðslu,C: 30 Framleiðsla annarra farartækja,0.08863
2007,Hlutfall (%) af vergri þjóðarframleiðslu,C: 30 Framleiðsla annarra farartækja,0.02085
2008,Hlutfall (%) af vergri þjóðarframleiðslu,C: 30 Framleiðsla annarra farartækja,0.02621
2009,Hlutfall (%) af vergri þjóðarframleiðslu,C: 30 Framleiðsla annarra farartækja,0.02196
2010,Hlutfall (%) af vergri þjóðarframleiðslu,C: 30 Framleiðsla annarra farartækja,0.0261
2011,Hlutfall (%) af vergri þjóðarframleiðslu,C: 30 Framleiðsla annarra farartækja,0.02594
2012,Hlutfall (%) af vergri þjóðarframleiðslu,C: 30 Framleiðsla annarra farartækja,0.02331
2013,Hlutfall (%) af vergri þjóðarframleiðslu,C: 30 Framleiðsla annarra farartækja,0.02956
2014,Hlutfall (%) af vergri þjóðarframleiðslu,C: 30 Framleiðsla annarra farartækja,0.03813
2015,Hlutfall (%) af vergri þjóðarframleiðslu,C: 30 Framleiðsla annarra farartækja,0.03052
2016,Hlutfall (%) af vergri þjóðarframleiðslu,C: 30 Framleiðsla annarra farartækja,0.01911
2017,Hlutfall (%) af vergri þjóðarframleiðslu,C: 30 Framleiðsla annarra farartækja,0.02039
2018,Hlutfall (%) af vergri þjóðarframleiðslu,C: 30 Framleiðsla annarra farartækja,0.01779
2019,Hlutfall (%) af vergri þjóðarframleiðslu,C: 30 Framleiðsla annarra farartækja,0.01861
2020,Hlutfall (%) af vergri þjóðarframleiðslu,C: 30 Framleiðsla annarra farartækja,0.0241
2021,Hlutfall (%) af vergri þjóðarframleiðslu,C: 30 Framleiðsla annarra farartækja,0.0172
1997,Hlutfall (%) af vergri þjóðarframleiðslu,"C: 31-32 Framleiðsla á húsgögnum, innréttingum og vörum til lækninga; önnur framleiðsla",0.81352
1998,Hlutfall (%) af vergri þjóðarframleiðslu,"C: 31-32 Framleiðsla á húsgögnum, innréttingum og vörum til lækninga; önnur framleiðsla",0.83121
1999,Hlutfall (%) af vergri þjóðarframleiðslu,"C: 31-32 Framleiðsla á húsgögnum, innréttingum og vörum til lækninga; önnur framleiðsla",0.82696
2000,Hlutfall (%) af vergri þjóðarframleiðslu,"C: 31-32 Framleiðsla á húsgögnum, innréttingum og vörum til lækninga; önnur framleiðsla",0.85467
2001,Hlutfall (%) af vergri þjóðarframleiðslu,"C: 31-32 Framleiðsla á húsgögnum, innréttingum og vörum til lækninga; önnur framleiðsla",0.84144
2002,Hlutfall (%) af vergri þjóðarframleiðslu,"C: 31-32 Framleiðsla á húsgögnum, innréttingum og vörum til lækninga; önnur framleiðsla",0.83925
2003,Hlutfall (%) af vergri þjóðarframleiðslu,"C: 31-32 Framleiðsla á húsgögnum, innréttingum og vörum til lækninga; önnur framleiðsla",0.82946
2004,Hlutfall (%) af vergri þjóðarframleiðslu,"C: 31-32 Framleiðsla á húsgögnum, innréttingum og vörum til lækninga; önnur framleiðsla",0.84976
2005,Hlutfall (%) af vergri þjóðarframleiðslu,"C: 31-32 Framleiðsla á húsgögnum, innréttingum og vörum til lækninga; önnur framleiðsla",0.74464
2006,Hlutfall (%) af vergri þjóðarframleiðslu,"C: 31-32 Framleiðsla á húsgögnum, innréttingum og vörum til lækninga; önnur framleiðsla",0.85727
2007,Hlutfall (%) af vergri þjóðarframleiðslu,"C: 31-32 Framleiðsla á húsgögnum, innréttingum og vörum til lækninga; önnur framleiðsla",0.5362
2008,Hlutfall (%) af vergri þjóðarframleiðslu,"C: 31-32 Framleiðsla á húsgögnum, innréttingum og vörum til lækninga; önnur framleiðsla",0.56921
2009,Hlutfall (%) af vergri þjóðarframleiðslu,"C: 31-32 Framleiðsla á húsgögnum, innréttingum og vörum til lækninga; önnur framleiðsla",0.43871
2010,Hlutfall (%) af vergri þjóðarframleiðslu,"C: 31-32 Framleiðsla á húsgögnum, innréttingum og vörum til lækninga; önnur framleiðsla",0.57255
2011,Hlutfall (%) af vergri þjóðarframleiðslu,"C: 31-32 Framleiðsla á húsgögnum, innréttingum og vörum til lækninga; önnur framleiðsla",0.64648
2012,Hlutfall (%) af vergri þjóðarframleiðslu,"C: 31-32 Framleiðsla á húsgögnum, innréttingum og vörum til lækninga; önnur framleiðsla",0.65071
2013,Hlutfall (%) af vergri þjóðarframleiðslu,"C: 31-32 Framleiðsla á húsgögnum, innréttingum og vörum til lækninga; önnur framleiðsla",0.69243
2014,Hlutfall (%) af vergri þjóðarframleiðslu,"C: 31-32 Framleiðsla á húsgögnum, innréttingum og vörum til lækninga; önnur framleiðsla",0.73191
2015,Hlutfall (%) af vergri þjóðarframleiðslu,"C: 31-32 Framleiðsla á húsgögnum, innréttingum og vörum til lækninga; önnur framleiðsla",0.73288
2016,Hlutfall (%) af vergri þjóðarframleiðslu,"C: 31-32 Framleiðsla á húsgögnum, innréttingum og vörum til lækninga; önnur framleiðsla",0.69701
2017,Hlutfall (%) af vergri þjóðarframleiðslu,"C: 31-32 Framleiðsla á húsgögnum, innréttingum og vörum til lækninga; önnur framleiðsla",0.60957
2018,Hlutfall (%) af vergri þjóðarframleiðslu,"C: 31-32 Framleiðsla á húsgögnum, innréttingum og vörum til lækninga; önnur framleiðsla",0.59082
2019,Hlutfall (%) af vergri þjóðarframleiðslu,"C: 31-32 Framleiðsla á húsgögnum, innréttingum og vörum til lækninga; önnur framleiðsla",0.63149
2020,Hlutfall (%) af vergri þjóðarframleiðslu,"C: 31-32 Framleiðsla á húsgögnum, innréttingum og vörum til lækninga; önnur framleiðsla",0.7898
2021,Hlutfall (%) af vergri þjóðarframleiðslu,"C: 31-32 Framleiðsla á húsgögnum, innréttingum og vörum til lækninga; önnur framleiðsla",0.6861
1997,Hlutfall (%) af vergri þjóðarframleiðslu,C: 33 Viðgerðir og uppsetning vélbúnaðar og tækja,0.65962
1998,Hlutfall (%) af vergri þjóðarframleiðslu,C: 33 Viðgerðir og uppsetning vélbúnaðar og tækja,0.60324
1999,Hlutfall (%) af vergri þjóðarframleiðslu,C: 33 Viðgerðir og uppsetning vélbúnaðar og tækja,0.52115
2000,Hlutfall (%) af vergri þjóðarframleiðslu,C: 33 Viðgerðir og uppsetning vélbúnaðar og tækja,0.50464
2001,Hlutfall (%) af vergri þjóðarframleiðslu,C: 33 Viðgerðir og uppsetning vélbúnaðar og tækja,0.49353
2002,Hlutfall (%) af vergri þjóðarframleiðslu,C: 33 Viðgerðir og uppsetning vélbúnaðar og tækja,0.46874
2003,Hlutfall (%) af vergri þjóðarframleiðslu,C: 33 Viðgerðir og uppsetning vélbúnaðar og tækja,0.38026
2004,Hlutfall (%) af vergri þjóðarframleiðslu,C: 33 Viðgerðir og uppsetning vélbúnaðar og tækja,0.35977
2005,Hlutfall (%) af vergri þjóðarframleiðslu,C: 33 Viðgerðir og uppsetning vélbúnaðar og tækja,0.36717
2006,Hlutfall (%) af vergri þjóðarframleiðslu,C: 33 Viðgerðir og uppsetning vélbúnaðar og tækja,0.31632
2007,Hlutfall (%) af vergri þjóðarframleiðslu,C: 33 Viðgerðir og uppsetning vélbúnaðar og tækja,0.29282
2008,Hlutfall (%) af vergri þjóðarframleiðslu,C: 33 Viðgerðir og uppsetning vélbúnaðar og tækja,0.44188
2009,Hlutfall (%) af vergri þjóðarframleiðslu,C: 33 Viðgerðir og uppsetning vélbúnaðar og tækja,0.44226
2010,Hlutfall (%) af vergri þjóðarframleiðslu,C: 33 Viðgerðir og uppsetning vélbúnaðar og tækja,0.43164
2011,Hlutfall (%) af vergri þjóðarframleiðslu,C: 33 Viðgerðir og uppsetning vélbúnaðar og tækja,0.57953
2012,Hlutfall (%) af vergri þjóðarframleiðslu,C: 33 Viðgerðir og uppsetning vélbúnaðar og tækja,0.53576
2013,Hlutfall (%) af vergri þjóðarframleiðslu,C: 33 Viðgerðir og uppsetning vélbúnaðar og tækja,0.55361
2014,Hlutfall (%) af vergri þjóðarframleiðslu,C: 33 Viðgerðir og uppsetning vélbúnaðar og tækja,0.55038
2015,Hlutfall (%) af vergri þjóðarframleiðslu,C: 33 Viðgerðir og uppsetning vélbúnaðar og tækja,0.51377
2016,Hlutfall (%) af vergri þjóðarframleiðslu,C: 33 Viðgerðir og uppsetning vélbúnaðar og tækja,0.52778
2017,Hlutfall (%) af vergri þjóðarframleiðslu,C: 33 Viðgerðir og uppsetning vélbúnaðar og tækja,0.43629
2018,Hlutfall (%) af vergri þjóðarframleiðslu,C: 33 Viðgerðir og uppsetning vélbúnaðar og tækja,0.45248
2019,Hlutfall (%) af vergri þjóðarframleiðslu,C: 33 Viðgerðir og uppsetning vélbúnaðar og tækja,0.38961
2020,Hlutfall (%) af vergri þjóðarframleiðslu,C: 33 Viðgerðir og uppsetning vélbúnaðar og tækja,0.445
2021,Hlutfall (%) af vergri þjóðarframleiðslu,C: 33 Viðgerðir og uppsetning vélbúnaðar og tækja,0.3764
1997,Millj. kr á íbúa,C. Framleiðsla,0.28132
1998,Millj. kr á íbúa,C. Framleiðsla,0.29684
1999,Millj. kr á íbúa,C. Framleiðsla,0.27811
2000,Millj. kr á íbúa,C. Framleiðsla,0.29298
2001,Millj. kr á íbúa,C. Framleiðsla,0.37466
2002,Millj. kr á íbúa,C. Framleiðsla,0.34447
2003,Millj. kr á íbúa,C. Framleiðsla,0.33136
2004,Millj. kr á íbúa,C. Framleiðsla,0.34844
2005,Millj. kr á íbúa,C. Framleiðsla,0.31237
2006,Millj. kr á íbúa,C. Framleiðsla,0.3632
2007,Millj. kr á íbúa,C. Framleiðsla,0.35197
2008,Millj. kr á íbúa,C. Framleiðsla,0.54579
2009,Millj. kr á íbúa,C. Framleiðsla,0.55872
2010,Millj. kr á íbúa,C. Framleiðsla,0.67587
2011,Millj. kr á íbúa,C. Framleiðsla,0.72323
2012,Millj. kr á íbúa,C. Framleiðsla,0.67193
2013,Millj. kr á íbúa,C. Framleiðsla,0.70079
2014,Millj. kr á íbúa,C. Framleiðsla,0.72128
2015,Millj. kr á íbúa,C. Framleiðsla,0.73781
2016,Millj. kr á íbúa,C. Framleiðsla,0.69654
2017,Millj. kr á íbúa,C. Framleiðsla,0.68591
2018,Millj. kr á íbúa,C. Framleiðsla,0.67204
2019,Millj. kr á íbúa,C. Framleiðsla,0.72081
2020,Millj. kr á íbúa,C. Framleiðsla,0.69228
2021,Millj. kr á íbúa,C. Framleiðsla,0.78754
1997,Millj. kr á íbúa,C: 10-12 Matvæla- og drykkjavöruiðnaður; tóbaksiðnaður,0.13055
1998,Millj. kr á íbúa,C: 10-12 Matvæla- og drykkjavöruiðnaður; tóbaksiðnaður,0.13555
1999,Millj. kr á íbúa,C: 10-12 Matvæla- og drykkjavöruiðnaður; tóbaksiðnaður,0.12299
2000,Millj. kr á íbúa,C: 10-12 Matvæla- og drykkjavöruiðnaður; tóbaksiðnaður,0.1158
2001,Millj. kr á íbúa,C: 10-12 Matvæla- og drykkjavöruiðnaður; tóbaksiðnaður,0.17401
2002,Millj. kr á íbúa,C: 10-12 Matvæla- og drykkjavöruiðnaður; tóbaksiðnaður,0.14485
2003,Millj. kr á íbúa,C: 10-12 Matvæla- og drykkjavöruiðnaður; tóbaksiðnaður,0.13343
2004,Millj. kr á íbúa,C: 10-12 Matvæla- og drykkjavöruiðnaður; tóbaksiðnaður,0.12789
2005,Millj. kr á íbúa,C: 10-12 Matvæla- og drykkjavöruiðnaður; tóbaksiðnaður,0.11327
2006,Millj. kr á íbúa,C: 10-12 Matvæla- og drykkjavöruiðnaður; tóbaksiðnaður,0.11836
2007,Millj. kr á íbúa,C: 10-12 Matvæla- og drykkjavöruiðnaður; tóbaksiðnaður,0.10751
2008,Millj. kr á íbúa,C: 10-12 Matvæla- og drykkjavöruiðnaður; tóbaksiðnaður,0.19525
2009,Millj. kr á íbúa,C: 10-12 Matvæla- og drykkjavöruiðnaður; tóbaksiðnaður,0.26475
2010,Millj. kr á íbúa,C: 10-12 Matvæla- og drykkjavöruiðnaður; tóbaksiðnaður,0.25409
2011,Millj. kr á íbúa,C: 10-12 Matvæla- og drykkjavöruiðnaður; tóbaksiðnaður,0.28985
2012,Millj. kr á íbúa,C: 10-12 Matvæla- og drykkjavöruiðnaður; tóbaksiðnaður,0.29761
2013,Millj. kr á íbúa,C: 10-12 Matvæla- og drykkjavöruiðnaður; tóbaksiðnaður,0.31918
2014,Millj. kr á íbúa,C: 10-12 Matvæla- og drykkjavöruiðnaður; tóbaksiðnaður,0.29717
2015,Millj. kr á íbúa,C: 10-12 Matvæla- og drykkjavöruiðnaður; tóbaksiðnaður,0.31425
2016,Millj. kr á íbúa,C: 10-12 Matvæla- og drykkjavöruiðnaður; tóbaksiðnaður,0.29704
2017,Millj. kr á íbúa,C: 10-12 Matvæla- og drykkjavöruiðnaður; tóbaksiðnaður,0.28315
2018,Millj. kr á íbúa,C: 10-12 Matvæla- og drykkjavöruiðnaður; tóbaksiðnaður,0.1732
2019,Millj. kr á íbúa,C: 10-12 Matvæla- og drykkjavöruiðnaður; tóbaksiðnaður,0.18535
2020,Millj. kr á íbúa,C: 10-12 Matvæla- og drykkjavöruiðnaður; tóbaksiðnaður,0.33764
2021,Millj. kr á íbúa,C: 10-12 Matvæla- og drykkjavöruiðnaður; tóbaksiðnaður,0.37311
1997,Millj. kr á íbúa,"C: 13-15 Textíl-, fata- og leðuriðnaður",0.01044
1998,Millj. kr á íbúa,"C: 13-15 Textíl-, fata- og leðuriðnaður",0.00906
1999,Millj. kr á íbúa,"C: 13-15 Textíl-, fata- og leðuriðnaður",0.00892
2000,Millj. kr á íbúa,"C: 13-15 Textíl-, fata- og leðuriðnaður",0.00854
2001,Millj. kr á íbúa,"C: 13-15 Textíl-, fata- og leðuriðnaður",0.00872
2002,Millj. kr á íbúa,"C: 13-15 Textíl-, fata- og leðuriðnaður",0.00908
2003,Millj. kr á íbúa,"C: 13-15 Textíl-, fata- og leðuriðnaður",0.00837
2004,Millj. kr á íbúa,"C: 13-15 Textíl-, fata- og leðuriðnaður",0.00758
2005,Millj. kr á íbúa,"C: 13-15 Textíl-, fata- og leðuriðnaður",0.00724
2006,Millj. kr á íbúa,"C: 13-15 Textíl-, fata- og leðuriðnaður",0.00599
2007,Millj. kr á íbúa,"C: 13-15 Textíl-, fata- og leðuriðnaður",0.00607
2008,Millj. kr á íbúa,"C: 13-15 Textíl-, fata- og leðuriðnaður",0.00541
2009,Millj. kr á íbúa,"C: 13-15 Textíl-, fata- og leðuriðnaður",0.00807
2010,Millj. kr á íbúa,"C: 13-15 Textíl-, fata- og leðuriðnaður",0.00838
2011,Millj. kr á íbúa,"C: 13-15 Textíl-, fata- og leðuriðnaður",0.009
2012,Millj. kr á íbúa,"C: 13-15 Textíl-, fata- og leðuriðnaður",0.00906
2013,Millj. kr á íbúa,"C: 13-15 Textíl-, fata- og leðuriðnaður",0.00937
2014,Millj. kr á íbúa,"C: 13-15 Textíl-, fata- og leðuriðnaður",0.01025
2015,Millj. kr á íbúa,"C: 13-15 Textíl-, fata- og leðuriðnaður",0.00941
2016,Millj. kr á íbúa,"C: 13-15 Textíl-, fata- og leðuriðnaður",0.00856
2017,Millj. kr á íbúa,"C: 13-15 Textíl-, fata- og leðuriðnaður",0.00798
2018,Millj. kr á íbúa,"C: 13-15 Textíl-, fata- og leðuriðnaður",0.00835
2019,Millj. kr á íbúa,"C: 13-15 Textíl-, fata- og leðuriðnaður",0.00883
2020,Millj. kr á íbúa,"C: 13-15 Textíl-, fata- og leðuriðnaður",0.00829
2021,Millj. kr á íbúa,"C: 13-15 Textíl-, fata- og leðuriðnaður",0.01
1997,Millj. kr á íbúa,C: 16-17 Trjá- og pappírsiðnaður,0.00739
1998,Millj. kr á íbúa,C: 16-17 Trjá- og pappírsiðnaður,0.00719
1999,Millj. kr á íbúa,C: 16-17 Trjá- og pappírsiðnaður,0.00737
2000,Millj. kr á íbúa,C: 16-17 Trjá- og pappírsiðnaður,0.00786
2001,Millj. kr á íbúa,C: 16-17 Trjá- og pappírsiðnaður,0.00819
2002,Millj. kr á íbúa,C: 16-17 Trjá- og pappírsiðnaður,0.00877
2003,Millj. kr á íbúa,C: 16-17 Trjá- og pappírsiðnaður,0.00915
2004,Millj. kr á íbúa,C: 16-17 Trjá- og pappírsiðnaður,0.00844
2005,Millj. kr á íbúa,C: 16-17 Trjá- og pappírsiðnaður,0.00854
2006,Millj. kr á íbúa,C: 16-17 Trjá- og pappírsiðnaður,0.00914
2007,Millj. kr á íbúa,C: 16-17 Trjá- og pappírsiðnaður,0.0067
2008,Millj. kr á íbúa,C: 16-17 Trjá- og pappírsiðnaður,0.00612
2009,Millj. kr á íbúa,C: 16-17 Trjá- og pappírsiðnaður,0.00529
2010,Millj. kr á íbúa,C: 16-17 Trjá- og pappírsiðnaður,0.00478
2011,Millj. kr á íbúa,C: 16-17 Trjá- og pappírsiðnaður,0.00469
2012,Millj. kr á íbúa,C: 16-17 Trjá- og pappírsiðnaður,0.00433
2013,Millj. kr á íbúa,C: 16-17 Trjá- og pappírsiðnaður,0.00517
2014,Millj. kr á íbúa,C: 16-17 Trjá- og pappírsiðnaður,0.00564
2015,Millj. kr á íbúa,C: 16-17 Trjá- og pappírsiðnaður,0.00544
2016,Millj. kr á íbúa,C: 16-17 Trjá- og pappírsiðnaður,0.00624
2017,Millj. kr á íbúa,C: 16-17 Trjá- og pappírsiðnaður,0.00661
2018,Millj. kr á íbúa,C: 16-17 Trjá- og pappírsiðnaður,0.00563
2019,Millj. kr á íbúa,C: 16-17 Trjá- og pappírsiðnaður,0.00546
2020,Millj. kr á íbúa,C: 16-17 Trjá- og pappírsiðnaður,0.00454
2021,Millj. kr á íbúa,C: 16-17 Trjá- og pappírsiðnaður,0.00513
1997,Millj. kr á íbúa,C: 18 Prentun og fjölföldun upptekins efnis,0.00721
1998,Millj. kr á íbúa,C: 18 Prentun og fjölföldun upptekins efnis,0.00857
1999,Millj. kr á íbúa,C: 18 Prentun og fjölföldun upptekins efnis,0.00883
2000,Millj. kr á íbúa,C: 18 Prentun og fjölföldun upptekins efnis,0.00803
2001,Millj. kr á íbúa,C: 18 Prentun og fjölföldun upptekins efnis,0.00834
2002,Millj. kr á íbúa,C: 18 Prentun og fjölföldun upptekins efnis,0.00821
2003,Millj. kr á íbúa,C: 18 Prentun og fjölföldun upptekins efnis,0.00801
2004,Millj. kr á íbúa,C: 18 Prentun og fjölföldun upptekins efnis,0.00977
2005,Millj. kr á íbúa,C: 18 Prentun og fjölföldun upptekins efnis,0.00929
2006,Millj. kr á íbúa,C: 18 Prentun og fjölföldun upptekins efnis,0.00971
2007,Millj. kr á íbúa,C: 18 Prentun og fjölföldun upptekins efnis,0.01357
2008,Millj. kr á íbúa,C: 18 Prentun og fjölföldun upptekins efnis,0.01663
2009,Millj. kr á íbúa,C: 18 Prentun og fjölföldun upptekins efnis,0.01703
2010,Millj. kr á íbúa,C: 18 Prentun og fjölföldun upptekins efnis,0.01764
2011,Millj. kr á íbúa,C: 18 Prentun og fjölföldun upptekins efnis,0.01801
2012,Millj. kr á íbúa,C: 18 Prentun og fjölföldun upptekins efnis,0.01737
2013,Millj. kr á íbúa,C: 18 Prentun og fjölföldun upptekins efnis,0.01907
2014,Millj. kr á íbúa,C: 18 Prentun og fjölföldun upptekins efnis,0.01917
2015,Millj. kr á íbúa,C: 18 Prentun og fjölföldun upptekins efnis,0.01919
2016,Millj. kr á íbúa,C: 18 Prentun og fjölföldun upptekins efnis,0.02089
2017,Millj. kr á íbúa,C: 18 Prentun og fjölföldun upptekins efnis,0.01849
2018,Millj. kr á íbúa,C: 18 Prentun og fjölföldun upptekins efnis,0.01558
2019,Millj. kr á íbúa,C: 18 Prentun og fjölföldun upptekins efnis,0.01387
2020,Millj. kr á íbúa,C: 18 Prentun og fjölföldun upptekins efnis,0.00964
2021,Millj. kr á íbúa,C: 18 Prentun og fjölföldun upptekins efnis,0.00991
1997,Millj. kr á íbúa,C: 19 Framleiðsla á koksi og hreinsuðum olíuvörum,0.0
1998,Millj. kr á íbúa,C: 19 Framleiðsla á koksi og hreinsuðum olíuvörum,0.0
1999,Millj. kr á íbúa,C: 19 Framleiðsla á koksi og hreinsuðum olíuvörum,0.0
2000,Millj. kr á íbúa,C: 19 Framleiðsla á koksi og hreinsuðum olíuvörum,0.0
2001,Millj. kr á íbúa,C: 19 Framleiðsla á koksi og hreinsuðum olíuvörum,0.0
2002,Millj. kr á íbúa,C: 19 Framleiðsla á koksi og hreinsuðum olíuvörum,0.0
2003,Millj. kr á íbúa,C: 19 Framleiðsla á koksi og hreinsuðum olíuvörum,0.0
2004,Millj. kr á íbúa,C: 19 Framleiðsla á koksi og hreinsuðum olíuvörum,0.0
2005,Millj. kr á íbúa,C: 19 Framleiðsla á koksi og hreinsuðum olíuvörum,0.0
2006,Millj. kr á íbúa,C: 19 Framleiðsla á koksi og hreinsuðum olíuvörum,0.0
2007,Millj. kr á íbúa,C: 19 Framleiðsla á koksi og hreinsuðum olíuvörum,0.0
2008,Millj. kr á íbúa,C: 19 Framleiðsla á koksi og hreinsuðum olíuvörum,0.0
2009,Millj. kr á íbúa,C: 19 Framleiðsla á koksi og hreinsuðum olíuvörum,0.0
2010,Millj. kr á íbúa,C: 19 Framleiðsla á koksi og hreinsuðum olíuvörum,1e-05
2011,Millj. kr á íbúa,C: 19 Framleiðsla á koksi og hreinsuðum olíuvörum,1e-05
2012,Millj. kr á íbúa,C: 19 Framleiðsla á koksi og hreinsuðum olíuvörum,0.0
2013,Millj. kr á íbúa,C: 19 Framleiðsla á koksi og hreinsuðum olíuvörum,3e-05
2014,Millj. kr á íbúa,C: 19 Framleiðsla á koksi og hreinsuðum olíuvörum,4e-05
2015,Millj. kr á íbúa,C: 19 Framleiðsla á koksi og hreinsuðum olíuvörum,-0.00011
2016,Millj. kr á íbúa,C: 19 Framleiðsla á koksi og hreinsuðum olíuvörum,0.00013
2017,Millj. kr á íbúa,C: 19 Framleiðsla á koksi og hreinsuðum olíuvörum,0.00091
2018,Millj. kr á íbúa,C: 19 Framleiðsla á koksi og hreinsuðum olíuvörum,0.00117
2019,Millj. kr á íbúa,C: 19 Framleiðsla á koksi og hreinsuðum olíuvörum,0.00098
2020,Millj. kr á íbúa,C: 19 Framleiðsla á koksi og hreinsuðum olíuvörum,0.00043
2021,Millj. kr á íbúa,C: 19 Framleiðsla á koksi og hreinsuðum olíuvörum,0.00049
1997,Millj. kr á íbúa,C: 20-21 Framleiðsla á efnum og efnavörum og á lyfjum og efnum til lyfjagerðar,0.01133
1998,Millj. kr á íbúa,C: 20-21 Framleiðsla á efnum og efnavörum og á lyfjum og efnum til lyfjagerðar,0.01249
1999,Millj. kr á íbúa,C: 20-21 Framleiðsla á efnum og efnavörum og á lyfjum og efnum til lyfjagerðar,0.01272
2000,Millj. kr á íbúa,C: 20-21 Framleiðsla á efnum og efnavörum og á lyfjum og efnum til lyfjagerðar,0.01408
2001,Millj. kr á íbúa,C: 20-21 Framleiðsla á efnum og efnavörum og á lyfjum og efnum til lyfjagerðar,0.01847
2002,Millj. kr á íbúa,C: 20-21 Framleiðsla á efnum og efnavörum og á lyfjum og efnum til lyfjagerðar,0.02001
2003,Millj. kr á íbúa,C: 20-21 Framleiðsla á efnum og efnavörum og á lyfjum og efnum til lyfjagerðar,0.0273
2004,Millj. kr á íbúa,C: 20-21 Framleiðsla á efnum og efnavörum og á lyfjum og efnum til lyfjagerðar,0.03406
2005,Millj. kr á íbúa,C: 20-21 Framleiðsla á efnum og efnavörum og á lyfjum og efnum til lyfjagerðar,0.02041
2006,Millj. kr á íbúa,C: 20-21 Framleiðsla á efnum og efnavörum og á lyfjum og efnum til lyfjagerðar,0.02079
2007,Millj. kr á íbúa,C: 20-21 Framleiðsla á efnum og efnavörum og á lyfjum og efnum til lyfjagerðar,0.02192
2008,Millj. kr á íbúa,C: 20-21 Framleiðsla á efnum og efnavörum og á lyfjum og efnum til lyfjagerðar,0.03066
2009,Millj. kr á íbúa,C: 20-21 Framleiðsla á efnum og efnavörum og á lyfjum og efnum til lyfjagerðar,0.02612
2010,Millj. kr á íbúa,C: 20-21 Framleiðsla á efnum og efnavörum og á lyfjum og efnum til lyfjagerðar,0.02523
2011,Millj. kr á íbúa,C: 20-21 Framleiðsla á efnum og efnavörum og á lyfjum og efnum til lyfjagerðar,0.02608
2012,Millj. kr á íbúa,C: 20-21 Framleiðsla á efnum og efnavörum og á lyfjum og efnum til lyfjagerðar,0.02354
2013,Millj. kr á íbúa,C: 20-21 Framleiðsla á efnum og efnavörum og á lyfjum og efnum til lyfjagerðar,0.02468
2014,Millj. kr á íbúa,C: 20-21 Framleiðsla á efnum og efnavörum og á lyfjum og efnum til lyfjagerðar,0.02523
2015,Millj. kr á íbúa,C: 20-21 Framleiðsla á efnum og efnavörum og á lyfjum og efnum til lyfjagerðar,0.02291
2016,Millj. kr á íbúa,C: 20-21 Framleiðsla á efnum og efnavörum og á lyfjum og efnum til lyfjagerðar,0.02062
2017,Millj. kr á íbúa,C: 20-21 Framleiðsla á efnum og efnavörum og á lyfjum og efnum til lyfjagerðar,-0.00555
2018,Millj. kr á íbúa,C: 20-21 Framleiðsla á efnum og efnavörum og á lyfjum og efnum til lyfjagerðar,-0.00336
2019,Millj. kr á íbúa,C: 20-21 Framleiðsla á efnum og efnavörum og á lyfjum og efnum til lyfjagerðar,0.01191
2020,Millj. kr á íbúa,C: 20-21 Framleiðsla á efnum og efnavörum og á lyfjum og efnum til lyfjagerðar,-0.01938
2021,Millj. kr á íbúa,C: 20-21 Framleiðsla á efnum og efnavörum og á lyfjum og efnum til lyfjagerðar,-0.01717
1997,Millj. kr á íbúa,C: 22 Framleiðsla á gúmmí- og plastvörum,0.00824
1998,Millj. kr á íbúa,C: 22 Framleiðsla á gúmmí- og plastvörum,0.00847
1999,Millj. kr á íbúa,C: 22 Framleiðsla á gúmmí- og plastvörum,0.00848
2000,Millj. kr á íbúa,C: 22 Framleiðsla á gúmmí- og plastvörum,0.00818
2001,Millj. kr á íbúa,C: 22 Framleiðsla á gúmmí- og plastvörum,0.00882
2002,Millj. kr á íbúa,C: 22 Framleiðsla á gúmmí- og plastvörum,0.0084
2003,Millj. kr á íbúa,C: 22 Framleiðsla á gúmmí- og plastvörum,0.00929
2004,Millj. kr á íbúa,C: 22 Framleiðsla á gúmmí- og plastvörum,0.00951
2005,Millj. kr á íbúa,C: 22 Framleiðsla á gúmmí- og plastvörum,0.00875
2006,Millj. kr á íbúa,C: 22 Framleiðsla á gúmmí- og plastvörum,0.00717
2007,Millj. kr á íbúa,C: 22 Framleiðsla á gúmmí- og plastvörum,0.00798
2008,Millj. kr á íbúa,C: 22 Framleiðsla á gúmmí- og plastvörum,0.00888
2009,Millj. kr á íbúa,C: 22 Framleiðsla á gúmmí- og plastvörum,0.00799
2010,Millj. kr á íbúa,C: 22 Framleiðsla á gúmmí- og plastvörum,0.00714
2011,Millj. kr á íbúa,C: 22 Framleiðsla á gúmmí- og plastvörum,0.00811
2012,Millj. kr á íbúa,C: 22 Framleiðsla á gúmmí- og plastvörum,0.00848
2013,Millj. kr á íbúa,C: 22 Framleiðsla á gúmmí- og plastvörum,0.00893
2014,Millj. kr á íbúa,C: 22 Framleiðsla á gúmmí- og plastvörum,0.00898
2015,Millj. kr á íbúa,C: 22 Framleiðsla á gúmmí- og plastvörum,0.01078
2016,Millj. kr á íbúa,C: 22 Framleiðsla á gúmmí- og plastvörum,0.00981
2017,Millj. kr á íbúa,C: 22 Framleiðsla á gúmmí- og plastvörum,0.00962
2018,Millj. kr á íbúa,C: 22 Framleiðsla á gúmmí- og plastvörum,0.00973
2019,Millj. kr á íbúa,C: 22 Framleiðsla á gúmmí- og plastvörum,0.00956
2020,Millj. kr á íbúa,C: 22 Framleiðsla á gúmmí- og plastvörum,0.00774
2021,Millj. kr á íbúa,C: 22 Framleiðsla á gúmmí- og plastvörum,0.00867
1997,Millj. kr á íbúa,C: 23 Framleiðsla á vörum úr málmlausum steinefnum,0.01224
1998,Millj. kr á íbúa,C: 23 Framleiðsla á vörum úr málmlausum steinefnum,0.013
1999,Millj. kr á íbúa,C: 23 Framleiðsla á vörum úr málmlausum steinefnum,0.01224
2000,Millj. kr á íbúa,C: 23 Framleiðsla á vörum úr málmlausum steinefnum,0.01523
2001,Millj. kr á íbúa,C: 23 Framleiðsla á vörum úr málmlausum steinefnum,0.01605
2002,Millj. kr á íbúa,C: 23 Framleiðsla á vörum úr málmlausum steinefnum,0.01478
2003,Millj. kr á íbúa,C: 23 Framleiðsla á vörum úr málmlausum steinefnum,0.01532
2004,Millj. kr á íbúa,C: 23 Framleiðsla á vörum úr málmlausum steinefnum,0.01722
2005,Millj. kr á íbúa,C: 23 Framleiðsla á vörum úr málmlausum steinefnum,0.02231
2006,Millj. kr á íbúa,C: 23 Framleiðsla á vörum úr málmlausum steinefnum,0.02838
2007,Millj. kr á íbúa,C: 23 Framleiðsla á vörum úr málmlausum steinefnum,0.03527
2008,Millj. kr á íbúa,C: 23 Framleiðsla á vörum úr málmlausum steinefnum,0.0307
2009,Millj. kr á íbúa,C: 23 Framleiðsla á vörum úr málmlausum steinefnum,0.01602
2010,Millj. kr á íbúa,C: 23 Framleiðsla á vörum úr málmlausum steinefnum,0.01264
2011,Millj. kr á íbúa,C: 23 Framleiðsla á vörum úr málmlausum steinefnum,0.01141
2012,Millj. kr á íbúa,C: 23 Framleiðsla á vörum úr málmlausum steinefnum,0.01197
2013,Millj. kr á íbúa,C: 23 Framleiðsla á vörum úr málmlausum steinefnum,0.01398
2014,Millj. kr á íbúa,C: 23 Framleiðsla á vörum úr málmlausum steinefnum,0.01825
2015,Millj. kr á íbúa,C: 23 Framleiðsla á vörum úr málmlausum steinefnum,0.02312
2016,Millj. kr á íbúa,C: 23 Framleiðsla á vörum úr málmlausum steinefnum,0.02833
2017,Millj. kr á íbúa,C: 23 Framleiðsla á vörum úr málmlausum steinefnum,0.0351
2018,Millj. kr á íbúa,C: 23 Framleiðsla á vörum úr málmlausum steinefnum,0.03722
2019,Millj. kr á íbúa,C: 23 Framleiðsla á vörum úr málmlausum steinefnum,0.0341
2020,Millj. kr á íbúa,C: 23 Framleiðsla á vörum úr málmlausum steinefnum,0.0353
2021,Millj. kr á íbúa,C: 23 Framleiðsla á vörum úr málmlausum steinefnum,0.04335
1997,Millj. kr á íbúa,C: 24 Framleiðsla málma,0.02628
1998,Millj. kr á íbúa,C: 24 Framleiðsla málma,0.02942
1999,Millj. kr á íbúa,C: 24 Framleiðsla málma,0.02293
2000,Millj. kr á íbúa,C: 24 Framleiðsla málma,0.03878
2001,Millj. kr á íbúa,C: 24 Framleiðsla málma,0.04844
2002,Millj. kr á íbúa,C: 24 Framleiðsla málma,0.0451
2003,Millj. kr á íbúa,C: 24 Framleiðsla málma,0.03895
2004,Millj. kr á íbúa,C: 24 Framleiðsla málma,0.0463
2005,Millj. kr á íbúa,C: 24 Framleiðsla málma,0.03394
2006,Millj. kr á íbúa,C: 24 Framleiðsla málma,0.06216
2007,Millj. kr á íbúa,C: 24 Framleiðsla málma,0.0573
2008,Millj. kr á íbúa,C: 24 Framleiðsla málma,0.1363
2009,Millj. kr á íbúa,C: 24 Framleiðsla málma,0.10995
2010,Millj. kr á íbúa,C: 24 Framleiðsla málma,0.22399
2011,Millj. kr á íbúa,C: 24 Framleiðsla málma,0.21274
2012,Millj. kr á íbúa,C: 24 Framleiðsla málma,0.14537
2013,Millj. kr á íbúa,C: 24 Framleiðsla málma,0.13965
2014,Millj. kr á íbúa,C: 24 Framleiðsla málma,0.16388
2015,Millj. kr á íbúa,C: 24 Framleiðsla málma,0.15072
2016,Millj. kr á íbúa,C: 24 Framleiðsla málma,0.10385
2017,Millj. kr á íbúa,C: 24 Framleiðsla málma,0.13631
2018,Millj. kr á íbúa,C: 24 Framleiðsla málma,0.08533
2019,Millj. kr á íbúa,C: 24 Framleiðsla málma,0.09489
2020,Millj. kr á íbúa,C: 24 Framleiðsla málma,0.08188
2021,Millj. kr á íbúa,C: 24 Framleiðsla málma,0.10817
1997,Millj. kr á íbúa,"C: 25 Framleiðsla á málmvörum, að undanskildum vélum og búnaði",0.0193
1998,Millj. kr á íbúa,"C: 25 Framleiðsla á málmvörum, að undanskildum vélum og búnaði",0.02153
1999,Millj. kr á íbúa,"C: 25 Framleiðsla á málmvörum, að undanskildum vélum og búnaði",0.02205
2000,Millj. kr á íbúa,"C: 25 Framleiðsla á málmvörum, að undanskildum vélum og búnaði",0.02267
2001,Millj. kr á íbúa,"C: 25 Framleiðsla á málmvörum, að undanskildum vélum og búnaði",0.0225
2002,Millj. kr á íbúa,"C: 25 Framleiðsla á málmvörum, að undanskildum vélum og búnaði",0.02271
2003,Millj. kr á íbúa,"C: 25 Framleiðsla á málmvörum, að undanskildum vélum og búnaði",0.02174
2004,Millj. kr á íbúa,"C: 25 Framleiðsla á málmvörum, að undanskildum vélum og búnaði",0.02224
2005,Millj. kr á íbúa,"C: 25 Framleiðsla á málmvörum, að undanskildum vélum og búnaði",0.02499
2006,Millj. kr á íbúa,"C: 25 Framleiðsla á málmvörum, að undanskildum vélum og búnaði",0.02908
2007,Millj. kr á íbúa,"C: 25 Framleiðsla á málmvörum, að undanskildum vélum og búnaði",0.03613
2008,Millj. kr á íbúa,"C: 25 Framleiðsla á málmvörum, að undanskildum vélum og búnaði",0.03494
2009,Millj. kr á íbúa,"C: 25 Framleiðsla á málmvörum, að undanskildum vélum og búnaði",0.0244
2010,Millj. kr á íbúa,"C: 25 Framleiðsla á málmvörum, að undanskildum vélum og búnaði",0.02803
2011,Millj. kr á íbúa,"C: 25 Framleiðsla á málmvörum, að undanskildum vélum og búnaði",0.02983
2012,Millj. kr á íbúa,"C: 25 Framleiðsla á málmvörum, að undanskildum vélum og búnaði",0.03272
2013,Millj. kr á íbúa,"C: 25 Framleiðsla á málmvörum, að undanskildum vélum og búnaði",0.03408
2014,Millj. kr á íbúa,"C: 25 Framleiðsla á málmvörum, að undanskildum vélum og búnaði",0.03956
2015,Millj. kr á íbúa,"C: 25 Framleiðsla á málmvörum, að undanskildum vélum og búnaði",0.04321
2016,Millj. kr á íbúa,"C: 25 Framleiðsla á málmvörum, að undanskildum vélum og búnaði",0.04968
2017,Millj. kr á íbúa,"C: 25 Framleiðsla á málmvörum, að undanskildum vélum og búnaði",0.05125
2018,Millj. kr á íbúa,"C: 25 Framleiðsla á málmvörum, að undanskildum vélum og búnaði",0.05481
2019,Millj. kr á íbúa,"C: 25 Framleiðsla á málmvörum, að undanskildum vélum og búnaði",0.05834
2020,Millj. kr á íbúa,"C: 25 Framleiðsla á málmvörum, að undanskildum vélum og búnaði",0.05272
2021,Millj. kr á íbúa,"C: 25 Framleiðsla á málmvörum, að undanskildum vélum og búnaði",0.05616
1997,Millj. kr á íbúa,"C: 26 Framleiðsla á tölvu-, rafeinda- og optískum vörum",0.00046
1998,Millj. kr á íbúa,"C: 26 Framleiðsla á tölvu-, rafeinda- og optískum vörum",0.00059
1999,Millj. kr á íbúa,"C: 26 Framleiðsla á tölvu-, rafeinda- og optískum vörum",0.00066
2000,Millj. kr á íbúa,"C: 26 Framleiðsla á tölvu-, rafeinda- og optískum vörum",0.00085
2001,Millj. kr á íbúa,"C: 26 Framleiðsla á tölvu-, rafeinda- og optískum vörum",0.00115
2002,Millj. kr á íbúa,"C: 26 Framleiðsla á tölvu-, rafeinda- og optískum vörum",0.00116
2003,Millj. kr á íbúa,"C: 26 Framleiðsla á tölvu-, rafeinda- og optískum vörum",0.00105
2004,Millj. kr á íbúa,"C: 26 Framleiðsla á tölvu-, rafeinda- og optískum vörum",0.0014
2005,Millj. kr á íbúa,"C: 26 Framleiðsla á tölvu-, rafeinda- og optískum vörum",0.00097
2006,Millj. kr á íbúa,"C: 26 Framleiðsla á tölvu-, rafeinda- og optískum vörum",0.0021
2007,Millj. kr á íbúa,"C: 26 Framleiðsla á tölvu-, rafeinda- og optískum vörum",0.00178
2008,Millj. kr á íbúa,"C: 26 Framleiðsla á tölvu-, rafeinda- og optískum vörum",0.002
2009,Millj. kr á íbúa,"C: 26 Framleiðsla á tölvu-, rafeinda- og optískum vörum",0.00254
2010,Millj. kr á íbúa,"C: 26 Framleiðsla á tölvu-, rafeinda- og optískum vörum",0.00265
2011,Millj. kr á íbúa,"C: 26 Framleiðsla á tölvu-, rafeinda- og optískum vörum",0.00338
2012,Millj. kr á íbúa,"C: 26 Framleiðsla á tölvu-, rafeinda- og optískum vörum",0.00268
2013,Millj. kr á íbúa,"C: 26 Framleiðsla á tölvu-, rafeinda- og optískum vörum",0.00276
2014,Millj. kr á íbúa,"C: 26 Framleiðsla á tölvu-, rafeinda- og optískum vörum",0.00374
2015,Millj. kr á íbúa,"C: 26 Framleiðsla á tölvu-, rafeinda- og optískum vörum",0.0033
2016,Millj. kr á íbúa,"C: 26 Framleiðsla á tölvu-, rafeinda- og optískum vörum",0.00353
2017,Millj. kr á íbúa,"C: 26 Framleiðsla á tölvu-, rafeinda- og optískum vörum",0.00323
2018,Millj. kr á íbúa,"C: 26 Framleiðsla á tölvu-, rafeinda- og optískum vörum",0.00328
2019,Millj. kr á íbúa,"C: 26 Framleiðsla á tölvu-, rafeinda- og optískum vörum",0.00257
2020,Millj. kr á íbúa,"C: 26 Framleiðsla á tölvu-, rafeinda- og optískum vörum",0.00684
2021,Millj. kr á íbúa,"C: 26 Framleiðsla á tölvu-, rafeinda- og optískum vörum",0.02318
1997,Millj. kr á íbúa,C: 27 Framleiðsla á rafbúnaði og heimilistækjum,0.00137
1998,Millj. kr á íbúa,C: 27 Framleiðsla á rafbúnaði og heimilistækjum,0.00156
1999,Millj. kr á íbúa,C: 27 Framleiðsla á rafbúnaði og heimilistækjum,0.00172
2000,Millj. kr á íbúa,C: 27 Framleiðsla á rafbúnaði og heimilistækjum,0.00178
2001,Millj. kr á íbúa,C: 27 Framleiðsla á rafbúnaði og heimilistækjum,0.00187
2002,Millj. kr á íbúa,C: 27 Framleiðsla á rafbúnaði og heimilistækjum,0.00167
2003,Millj. kr á íbúa,C: 27 Framleiðsla á rafbúnaði og heimilistækjum,0.00138
2004,Millj. kr á íbúa,C: 27 Framleiðsla á rafbúnaði og heimilistækjum,0.00154
2005,Millj. kr á íbúa,C: 27 Framleiðsla á rafbúnaði og heimilistækjum,0.00196
2006,Millj. kr á íbúa,C: 27 Framleiðsla á rafbúnaði og heimilistækjum,0.00167
2007,Millj. kr á íbúa,C: 27 Framleiðsla á rafbúnaði og heimilistækjum,0.00167
2008,Millj. kr á íbúa,C: 27 Framleiðsla á rafbúnaði og heimilistækjum,0.00281
2009,Millj. kr á íbúa,C: 27 Framleiðsla á rafbúnaði og heimilistækjum,0.00297
2010,Millj. kr á íbúa,C: 27 Framleiðsla á rafbúnaði og heimilistækjum,0.00441
2011,Millj. kr á íbúa,C: 27 Framleiðsla á rafbúnaði og heimilistækjum,0.00658
2012,Millj. kr á íbúa,C: 27 Framleiðsla á rafbúnaði og heimilistækjum,0.00759
2013,Millj. kr á íbúa,C: 27 Framleiðsla á rafbúnaði og heimilistækjum,0.00892
2014,Millj. kr á íbúa,C: 27 Framleiðsla á rafbúnaði og heimilistækjum,0.0035
2015,Millj. kr á íbúa,C: 27 Framleiðsla á rafbúnaði og heimilistækjum,0.0066
2016,Millj. kr á íbúa,C: 27 Framleiðsla á rafbúnaði og heimilistækjum,0.00566
2017,Millj. kr á íbúa,C: 27 Framleiðsla á rafbúnaði og heimilistækjum,0.00503
2018,Millj. kr á íbúa,C: 27 Framleiðsla á rafbúnaði og heimilistækjum,0.00571
2019,Millj. kr á íbúa,C: 27 Framleiðsla á rafbúnaði og heimilistækjum,0.00453
2020,Millj. kr á íbúa,C: 27 Framleiðsla á rafbúnaði og heimilistækjum,0.00679
2021,Millj. kr á íbúa,C: 27 Framleiðsla á rafbúnaði og heimilistækjum,0.00714
1997,Millj. kr á íbúa,C: 28 Framleiðsla á öðrum ótöldum vélum og tækjum,0.01206
1998,Millj. kr á íbúa,C: 28 Framleiðsla á öðrum ótöldum vélum og tækjum,0.01248
1999,Millj. kr á íbúa,C: 28 Framleiðsla á öðrum ótöldum vélum og tækjum,0.01275
2000,Millj. kr á íbúa,C: 28 Framleiðsla á öðrum ótöldum vélum og tækjum,0.01179
2001,Millj. kr á íbúa,C: 28 Framleiðsla á öðrum ótöldum vélum og tækjum,0.01501
2002,Millj. kr á íbúa,C: 28 Framleiðsla á öðrum ótöldum vélum og tækjum,0.01539
2003,Millj. kr á íbúa,C: 28 Framleiðsla á öðrum ótöldum vélum og tækjum,0.01612
2004,Millj. kr á íbúa,C: 28 Framleiðsla á öðrum ótöldum vélum og tækjum,0.01738
2005,Millj. kr á íbúa,C: 28 Framleiðsla á öðrum ótöldum vélum og tækjum,0.01531
2006,Millj. kr á íbúa,C: 28 Framleiðsla á öðrum ótöldum vélum og tækjum,0.01655
2007,Millj. kr á íbúa,C: 28 Framleiðsla á öðrum ótöldum vélum og tækjum,0.01643
2008,Millj. kr á íbúa,C: 28 Framleiðsla á öðrum ótöldum vélum og tækjum,0.02273
2009,Millj. kr á íbúa,C: 28 Framleiðsla á öðrum ótöldum vélum og tækjum,0.02616
2010,Millj. kr á íbúa,C: 28 Framleiðsla á öðrum ótöldum vélum og tækjum,0.03137
2011,Millj. kr á íbúa,C: 28 Framleiðsla á öðrum ótöldum vélum og tækjum,0.03271
2012,Millj. kr á íbúa,C: 28 Framleiðsla á öðrum ótöldum vélum og tækjum,0.0401
2013,Millj. kr á íbúa,C: 28 Framleiðsla á öðrum ótöldum vélum og tækjum,0.03592
2014,Millj. kr á íbúa,C: 28 Framleiðsla á öðrum ótöldum vélum og tækjum,0.04026
2015,Millj. kr á íbúa,C: 28 Framleiðsla á öðrum ótöldum vélum og tækjum,0.03815
2016,Millj. kr á íbúa,C: 28 Framleiðsla á öðrum ótöldum vélum og tækjum,0.04702
2017,Millj. kr á íbúa,C: 28 Framleiðsla á öðrum ótöldum vélum og tækjum,0.04974
2018,Millj. kr á íbúa,C: 28 Framleiðsla á öðrum ótöldum vélum og tækjum,0.05778
2019,Millj. kr á íbúa,C: 28 Framleiðsla á öðrum ótöldum vélum og tækjum,0.05635
2020,Millj. kr á íbúa,C: 28 Framleiðsla á öðrum ótöldum vélum og tækjum,0.06358
2021,Millj. kr á íbúa,C: 28 Framleiðsla á öðrum ótöldum vélum og tækjum,0.06433
1997,Millj. kr á íbúa,C: 29 Framleiðsla á vélknúnum ökutækjum og tengivögnum,0.00098
1998,Millj. kr á íbúa,C: 29 Framleiðsla á vélknúnum ökutækjum og tengivögnum,0.00109
1999,Millj. kr á íbúa,C: 29 Framleiðsla á vélknúnum ökutækjum og tengivögnum,0.00111
2000,Millj. kr á íbúa,C: 29 Framleiðsla á vélknúnum ökutækjum og tengivögnum,0.00113
2001,Millj. kr á íbúa,C: 29 Framleiðsla á vélknúnum ökutækjum og tengivögnum,0.00135
2002,Millj. kr á íbúa,C: 29 Framleiðsla á vélknúnum ökutækjum og tengivögnum,0.00132
2003,Millj. kr á íbúa,C: 29 Framleiðsla á vélknúnum ökutækjum og tengivögnum,0.00117
2004,Millj. kr á íbúa,C: 29 Framleiðsla á vélknúnum ökutækjum og tengivögnum,0.00124
2005,Millj. kr á íbúa,C: 29 Framleiðsla á vélknúnum ökutækjum og tengivögnum,0.00144
2006,Millj. kr á íbúa,C: 29 Framleiðsla á vélknúnum ökutækjum og tengivögnum,0.00123
2007,Millj. kr á íbúa,C: 29 Framleiðsla á vélknúnum ökutækjum og tengivögnum,0.00158
2008,Millj. kr á íbúa,C: 29 Framleiðsla á vélknúnum ökutækjum og tengivögnum,0.00158
2009,Millj. kr á íbúa,C: 29 Framleiðsla á vélknúnum ökutækjum og tengivögnum,0.00141
2010,Millj. kr á íbúa,C: 29 Framleiðsla á vélknúnum ökutækjum og tengivögnum,0.00124
2011,Millj. kr á íbúa,C: 29 Framleiðsla á vélknúnum ökutækjum og tengivögnum,0.00173
2012,Millj. kr á íbúa,C: 29 Framleiðsla á vélknúnum ökutækjum og tengivögnum,0.00138
2013,Millj. kr á íbúa,C: 29 Framleiðsla á vélknúnum ökutækjum og tengivögnum,0.00139
2014,Millj. kr á íbúa,C: 29 Framleiðsla á vélknúnum ökutækjum og tengivögnum,0.00153
2015,Millj. kr á íbúa,C: 29 Framleiðsla á vélknúnum ökutækjum og tengivögnum,0.0018
2016,Millj. kr á íbúa,C: 29 Framleiðsla á vélknúnum ökutækjum og tengivögnum,0.002
2017,Millj. kr á íbúa,C: 29 Framleiðsla á vélknúnum ökutækjum og tengivögnum,0.00157
2018,Millj. kr á íbúa,C: 29 Framleiðsla á vélknúnum ökutækjum og tengivögnum,0.00151
2019,Millj. kr á íbúa,C: 29 Framleiðsla á vélknúnum ökutækjum og tengivögnum,0.00119
2020,Millj. kr á íbúa,C: 29 Framleiðsla á vélknúnum ökutækjum og tengivögnum,0.00131
2021,Millj. kr á íbúa,C: 29 Framleiðsla á vélknúnum ökutækjum og tengivögnum,0.00137
1997,Millj. kr á íbúa,C: 30 Framleiðsla annarra farartækja,0.00413
1998,Millj. kr á íbúa,C: 30 Framleiðsla annarra farartækja,0.0041
1999,Millj. kr á íbúa,C: 30 Framleiðsla annarra farartækja,0.00361
2000,Millj. kr á íbúa,C: 30 Framleiðsla annarra farartækja,0.00378
2001,Millj. kr á íbúa,C: 30 Framleiðsla annarra farartækja,0.00408
2002,Millj. kr á íbúa,C: 30 Framleiðsla annarra farartækja,0.00415
2003,Millj. kr á íbúa,C: 30 Framleiðsla annarra farartækja,0.00337
2004,Millj. kr á íbúa,C: 30 Framleiðsla annarra farartækja,0.00343
2005,Millj. kr á íbúa,C: 30 Framleiðsla annarra farartækja,0.00385
2006,Millj. kr á íbúa,C: 30 Framleiðsla annarra farartækja,0.00357
2007,Millj. kr á íbúa,C: 30 Framleiðsla annarra farartækja,0.00093
2008,Millj. kr á íbúa,C: 30 Framleiðsla annarra farartækja,0.00131
2009,Millj. kr á íbúa,C: 30 Framleiðsla annarra farartækja,0.00112
2010,Millj. kr á íbúa,C: 30 Framleiðsla annarra farartækja,0.00137
2011,Millj. kr á íbúa,C: 30 Framleiðsla annarra farartækja,0.00143
2012,Millj. kr á íbúa,C: 30 Framleiðsla annarra farartækja,0.00134
2013,Millj. kr á íbúa,C: 30 Framleiðsla annarra farartækja,0.0018
2014,Millj. kr á íbúa,C: 30 Framleiðsla annarra farartækja,0.00243
2015,Millj. kr á íbúa,C: 30 Framleiðsla annarra farartækja,0.00213
2016,Millj. kr á íbúa,C: 30 Framleiðsla annarra farartækja,0.00143
2017,Millj. kr á íbúa,C: 30 Framleiðsla annarra farartækja,0.00158
2018,Millj. kr á íbúa,C: 30 Framleiðsla annarra farartækja,0.00142
2019,Millj. kr á íbúa,C: 30 Framleiðsla annarra farartækja,0.00155
2020,Millj. kr á íbúa,C: 30 Framleiðsla annarra farartækja,0.00192
2021,Millj. kr á íbúa,C: 30 Framleiðsla annarra farartækja,0.00149
1997,Millj. kr á íbúa,"C: 31-32 Framleiðsla á húsgögnum, innréttingum og vörum til lækninga; önnur framleiðsla",0.0162
1998,Millj. kr á íbúa,"C: 31-32 Framleiðsla á húsgögnum, innréttingum og vörum til lækninga; önnur framleiðsla",0.01839
1999,Millj. kr á íbúa,"C: 31-32 Framleiðsla á húsgögnum, innréttingum og vörum til lækninga; önnur framleiðsla",0.01946
2000,Millj. kr á íbúa,"C: 31-32 Framleiðsla á húsgögnum, innréttingum og vörum til lækninga; önnur framleiðsla",0.02168
2001,Millj. kr á íbúa,"C: 31-32 Framleiðsla á húsgögnum, innréttingum og vörum til lækninga; önnur framleiðsla",0.02374
2002,Millj. kr á íbúa,"C: 31-32 Framleiðsla á húsgögnum, innréttingum og vörum til lækninga; önnur framleiðsla",0.02495
2003,Millj. kr á íbúa,"C: 31-32 Framleiðsla á húsgögnum, innréttingum og vörum til lækninga; önnur framleiðsla",0.02518
2004,Millj. kr á íbúa,"C: 31-32 Framleiðsla á húsgögnum, innréttingum og vörum til lækninga; önnur framleiðsla",0.0284
2005,Millj. kr á íbúa,"C: 31-32 Framleiðsla á húsgögnum, innréttingum og vörum til lækninga; önnur framleiðsla",0.02686
2006,Millj. kr á íbúa,"C: 31-32 Framleiðsla á húsgögnum, innréttingum og vörum til lækninga; önnur framleiðsla",0.03454
2007,Millj. kr á íbúa,"C: 31-32 Framleiðsla á húsgögnum, innréttingum og vörum til lækninga; önnur framleiðsla",0.02402
2008,Millj. kr á íbúa,"C: 31-32 Framleiðsla á húsgögnum, innréttingum og vörum til lækninga; önnur framleiðsla",0.02841
2009,Millj. kr á íbúa,"C: 31-32 Framleiðsla á húsgögnum, innréttingum og vörum til lækninga; önnur framleiðsla",0.02236
2010,Millj. kr á íbúa,"C: 31-32 Framleiðsla á húsgögnum, innréttingum og vörum til lækninga; önnur framleiðsla",0.03015
2011,Millj. kr á íbúa,"C: 31-32 Framleiðsla á húsgögnum, innréttingum og vörum til lækninga; önnur framleiðsla",0.03568
2012,Millj. kr á íbúa,"C: 31-32 Framleiðsla á húsgögnum, innréttingum og vörum til lækninga; önnur framleiðsla",0.0375
2013,Millj. kr á íbúa,"C: 31-32 Framleiðsla á húsgögnum, innréttingum og vörum til lækninga; önnur framleiðsla",0.04214
2014,Millj. kr á íbúa,"C: 31-32 Framleiðsla á húsgögnum, innréttingum og vörum til lækninga; önnur framleiðsla",0.0466
2015,Millj. kr á íbúa,"C: 31-32 Framleiðsla á húsgögnum, innréttingum og vörum til lækninga; önnur framleiðsla",0.05108
2016,Millj. kr á íbúa,"C: 31-32 Framleiðsla á húsgögnum, innréttingum og vörum til lækninga; önnur framleiðsla",0.05221
2017,Millj. kr á íbúa,"C: 31-32 Framleiðsla á húsgögnum, innréttingum og vörum til lækninga; önnur framleiðsla",0.04714
2018,Millj. kr á íbúa,"C: 31-32 Framleiðsla á húsgögnum, innréttingum og vörum til lækninga; önnur framleiðsla",0.04726
2019,Millj. kr á íbúa,"C: 31-32 Framleiðsla á húsgögnum, innréttingum og vörum til lækninga; önnur framleiðsla",0.05246
2020,Millj. kr á íbúa,"C: 31-32 Framleiðsla á húsgögnum, innréttingum og vörum til lækninga; önnur framleiðsla",0.06311
2021,Millj. kr á íbúa,"C: 31-32 Framleiðsla á húsgögnum, innréttingum og vörum til lækninga; önnur framleiðsla",0.05955
1997,Millj. kr á íbúa,C: 33 Viðgerðir og uppsetning vélbúnaðar og tækja,0.01314
1998,Millj. kr á íbúa,C: 33 Viðgerðir og uppsetning vélbúnaðar og tækja,0.01335
1999,Millj. kr á íbúa,C: 33 Viðgerðir og uppsetning vélbúnaðar og tækja,0.01227
2000,Millj. kr á íbúa,C: 33 Viðgerðir og uppsetning vélbúnaðar og tækja,0.0128
2001,Millj. kr á íbúa,C: 33 Viðgerðir og uppsetning vélbúnaðar og tækja,0.01392
2002,Millj. kr á íbúa,C: 33 Viðgerðir og uppsetning vélbúnaðar og tækja,0.01394
2003,Millj. kr á íbúa,C: 33 Viðgerðir og uppsetning vélbúnaðar og tækja,0.01154
2004,Millj. kr á íbúa,C: 33 Viðgerðir og uppsetning vélbúnaðar og tækja,0.01202
2005,Millj. kr á íbúa,C: 33 Viðgerðir og uppsetning vélbúnaðar og tækja,0.01324
2006,Millj. kr á íbúa,C: 33 Viðgerðir og uppsetning vélbúnaðar og tækja,0.01274
2007,Millj. kr á íbúa,C: 33 Viðgerðir og uppsetning vélbúnaðar og tækja,0.01312
2008,Millj. kr á íbúa,C: 33 Viðgerðir og uppsetning vélbúnaðar og tækja,0.02206
2009,Millj. kr á íbúa,C: 33 Viðgerðir og uppsetning vélbúnaðar og tækja,0.02254
2010,Millj. kr á íbúa,C: 33 Viðgerðir og uppsetning vélbúnaðar og tækja,0.02273
2011,Millj. kr á íbúa,C: 33 Viðgerðir og uppsetning vélbúnaðar og tækja,0.03199
2012,Millj. kr á íbúa,C: 33 Viðgerðir og uppsetning vélbúnaðar og tækja,0.03088
2013,Millj. kr á íbúa,C: 33 Viðgerðir og uppsetning vélbúnaðar og tækja,0.0337
2014,Millj. kr á íbúa,C: 33 Viðgerðir og uppsetning vélbúnaðar og tækja,0.03504
2015,Millj. kr á íbúa,C: 33 Viðgerðir og uppsetning vélbúnaðar og tækja,0.03581
2016,Millj. kr á íbúa,C: 33 Viðgerðir og uppsetning vélbúnaðar og tækja,0.03954
2017,Millj. kr á íbúa,C: 33 Viðgerðir og uppsetning vélbúnaðar og tækja,0.03374
2018,Millj. kr á íbúa,C: 33 Viðgerðir og uppsetning vélbúnaðar og tækja,0.0362
2019,Millj. kr á íbúa,C: 33 Viðgerðir og uppsetning vélbúnaðar og tækja,0.03237
2020,Millj. kr á íbúa,C: 33 Viðgerðir og uppsetning vélbúnaðar og tækja,0.02993
2021,Millj. kr á íbúa,C: 33 Viðgerðir og uppsetning vélbúnaðar og tækja,0.03267
1997,Millj. kr á íbúa,C: 10-12 Þaraf Fiskvinnsla,0.08505
1998,Millj. kr á íbúa,C: 10-12 Þaraf Fiskvinnsla,0.08621
1999,Millj. kr á íbúa,C: 10-12 Þaraf Fiskvinnsla,0.07506
2000,Millj. kr á íbúa,C: 10-12 Þaraf Fiskvinnsla,0.06445
2001,Millj. kr á íbúa,C: 10-12 Þaraf Fiskvinnsla,0.11719
2002,Millj. kr á íbúa,C: 10-12 Þaraf Fiskvinnsla,0.08888
2003,Millj. kr á íbúa,C: 10-12 Þaraf Fiskvinnsla,0.07803
2004,Millj. kr á íbúa,C: 10-12 Þaraf Fiskvinnsla,0.07487
2005,Millj. kr á íbúa,C: 10-12 Þaraf Fiskvinnsla,0.06597
2006,Millj. kr á íbúa,C: 10-12 Þaraf Fiskvinnsla,0.07379
2007,Millj. kr á íbúa,C: 10-12 Þaraf Fiskvinnsla,0.05595
2008,Millj. kr á íbúa,C: 10-12 Þaraf Fiskvinnsla,0.11531
2009,Millj. kr á íbúa,C: 10-12 Þaraf Fiskvinnsla,0.17426
2010,Millj. kr á íbúa,C: 10-12 Þaraf Fiskvinnsla,0.15981
2011,Millj. kr á íbúa,C: 10-12 Þaraf Fiskvinnsla,0.19505
2012,Millj. kr á íbúa,C: 10-12 Þaraf Fiskvinnsla,0.20121
2013,Millj. kr á íbúa,C: 10-12 Þaraf Fiskvinnsla,0.21737
2014,Millj. kr á íbúa,C: 10-12 Þaraf Fiskvinnsla,0.18599
2015,Millj. kr á íbúa,C: 10-12 Þaraf Fiskvinnsla,0.20024
2016,Millj. kr á íbúa,C: 10-12 Þaraf Fiskvinnsla,0.1694
2017,Millj. kr á íbúa,C: 10-12 Þaraf Fiskvinnsla,0.1614
2018,Millj. kr á íbúa,C: 10-12 Þaraf Fiskvinnsla,0.1732
2019,Millj. kr á íbúa,C: 10-12 Þaraf Fiskvinnsla,0.18535
2020,Millj. kr á íbúa,C: 10-12 Þaraf Fiskvinnsla,0.20644
2021,Millj. kr á íbúa,C: 10-12 Þaraf Fiskvinnsla,0.23285
