Year,Atvinnugrein,Value
1997,,0.414078362
1998,,0.394027708
1999,,0.405018556
2000,,0.435865179
2001,,0.511642878
2002,,0.467209132
2003,,0.387678626
2004,,0.329308438
2005,,0.300784685
2006,,0.305819215
2007,,0.2431074
2008,,0.306095378
2009,,0.454821752
2010,,0.477854844
2011,,0.418137457
2012,,0.447299476
2013,,0.397326422
2014,,0.372563342
2015,,0.401640803
2016,,0.351121205
2017,,0.345424968
1997,"A - Landbúnaður, skógrækt og fiskveiðar",1.675057035
1998,"A - Landbúnaður, skógrækt og fiskveiðar",1.587015316
1999,"A - Landbúnaður, skógrækt og fiskveiðar",1.60717891
2000,"A - Landbúnaður, skógrækt og fiskveiðar",1.77688124
2001,"A - Landbúnaður, skógrækt og fiskveiðar",1.862924172
2002,"A - Landbúnaður, skógrækt og fiskveiðar",1.581778549
2003,"A - Landbúnaður, skógrækt og fiskveiðar",1.438946492
2004,"A - Landbúnaður, skógrækt og fiskveiðar",1.552775611
2005,"A - Landbúnaður, skógrækt og fiskveiðar",1.421427255
2006,"A - Landbúnaður, skógrækt og fiskveiðar",1.356368818
2007,"A - Landbúnaður, skógrækt og fiskveiðar",1.266704811
2008,"A - Landbúnaður, skógrækt og fiskveiðar",1.281785593
2009,"A - Landbúnaður, skógrækt og fiskveiðar",1.545822887
2010,"A - Landbúnaður, skógrækt og fiskveiðar",1.308394652
2011,"A - Landbúnaður, skógrækt og fiskveiðar",1.229939678
2012,"A - Landbúnaður, skógrækt og fiskveiðar",1.221709246
2013,"A - Landbúnaður, skógrækt og fiskveiðar",1.240163161
2014,"A - Landbúnaður, skógrækt og fiskveiðar",1.244519399
2015,"A - Landbúnaður, skógrækt og fiskveiðar",1.250957578
2016,"A - Landbúnaður, skógrækt og fiskveiðar",1.235066923
2017,"A - Landbúnaður, skógrækt og fiskveiðar",1.396491238
1997,B - Námugröftur og vinnsla hráefna úr jörðu,0.018609168
1998,B - Námugröftur og vinnsla hráefna úr jörðu,0.017716162
1999,B - Námugröftur og vinnsla hráefna úr jörðu,0.019966142
2000,B - Námugröftur og vinnsla hráefna úr jörðu,0.023665276
2001,B - Námugröftur og vinnsla hráefna úr jörðu,0.025828257
2002,B - Námugröftur og vinnsla hráefna úr jörðu,0.024540968
2003,B - Námugröftur og vinnsla hráefna úr jörðu,0.058736265
2004,B - Námugröftur og vinnsla hráefna úr jörðu,0.043472504
2005,B - Námugröftur og vinnsla hráefna úr jörðu,0.265966689
2006,B - Námugröftur og vinnsla hráefna úr jörðu,0.050155432
2007,B - Námugröftur og vinnsla hráefna úr jörðu,0.037427036
2008,B - Námugröftur og vinnsla hráefna úr jörðu,0.060928388
2009,B - Námugröftur og vinnsla hráefna úr jörðu,0.160951421
2010,B - Námugröftur og vinnsla hráefna úr jörðu,0.139539924
2011,B - Námugröftur og vinnsla hráefna úr jörðu,0.137515611
2012,B - Námugröftur og vinnsla hráefna úr jörðu,0.152994215
2013,B - Námugröftur og vinnsla hráefna úr jörðu,0.110944083
2014,B - Námugröftur og vinnsla hráefna úr jörðu,0.109867911
2015,B - Námugröftur og vinnsla hráefna úr jörðu,0.09060897
2016,B - Námugröftur og vinnsla hráefna úr jörðu,0.08266612
2017,B - Námugröftur og vinnsla hráefna úr jörðu,0.048339075
1997,C - Framleiðsla,0.53164178
1998,C - Framleiðsla,0.51543923
1999,C - Framleiðsla,0.672230084
2000,C - Framleiðsla,0.783928786
2001,C - Framleiðsla,0.878018937
2002,C - Framleiðsla,0.888259291
2003,C - Framleiðsla,0.811140992
2004,C - Framleiðsla,0.721882976
2005,C - Framleiðsla,0.732124317
2006,C - Framleiðsla,0.696671429
2007,C - Framleiðsla,0.610714849
2008,C - Framleiðsla,0.767580146
2009,C - Framleiðsla,1.13866223
2010,C - Framleiðsla,1.235261288
2011,C - Framleiðsla,1.009851604
2012,C - Framleiðsla,1.19022126
2013,C - Framleiðsla,1.059734192
2014,C - Framleiðsla,1.027644448
2015,C - Framleiðsla,1.130317589
2016,C - Framleiðsla,1.068825995
2017,C - Framleiðsla,1.069212034
1997,"D - Rafmagns-, gas- og hitaveitur",0.268075432
1998,"D - Rafmagns-, gas- og hitaveitur",0.279730541
1999,"D - Rafmagns-, gas- og hitaveitur",0.207591334
2000,"D - Rafmagns-, gas- og hitaveitur",0.280731156
2001,"D - Rafmagns-, gas- og hitaveitur",0.379500038
2002,"D - Rafmagns-, gas- og hitaveitur",0.501267158
2003,"D - Rafmagns-, gas- og hitaveitur",0.421763456
2004,"D - Rafmagns-, gas- og hitaveitur",0.372418701
2005,"D - Rafmagns-, gas- og hitaveitur",0.295356406
2006,"D - Rafmagns-, gas- og hitaveitur",0.218500422
2007,"D - Rafmagns-, gas- og hitaveitur",0.198780196
2008,"D - Rafmagns-, gas- og hitaveitur",0.209030714
2009,"D - Rafmagns-, gas- og hitaveitur",0.351338786
2010,"D - Rafmagns-, gas- og hitaveitur",0.343595945
2011,"D - Rafmagns-, gas- og hitaveitur",0.273554876
2012,"D - Rafmagns-, gas- og hitaveitur",0.326287348
2013,"D - Rafmagns-, gas- og hitaveitur",0.300430864
2014,"D - Rafmagns-, gas- og hitaveitur",0.308980043
2015,"D - Rafmagns-, gas- og hitaveitur",0.304978136
2016,"D - Rafmagns-, gas- og hitaveitur",0.319056114
2017,"D - Rafmagns-, gas- og hitaveitur",0.26267869
1997,"E - Vatnsveita, fráveita, meðhöndlun úrgangs og afmengun",4.462954632
1998,"E - Vatnsveita, fráveita, meðhöndlun úrgangs og afmengun",4.083691716
1999,"E - Vatnsveita, fráveita, meðhöndlun úrgangs og afmengun",4.253216588
2000,"E - Vatnsveita, fráveita, meðhöndlun úrgangs og afmengun",4.660470855
2001,"E - Vatnsveita, fráveita, meðhöndlun úrgangs og afmengun",4.597119027
2002,"E - Vatnsveita, fráveita, meðhöndlun úrgangs og afmengun",4.151866351
2003,"E - Vatnsveita, fráveita, meðhöndlun úrgangs og afmengun",3.91096198
2004,"E - Vatnsveita, fráveita, meðhöndlun úrgangs og afmengun",3.315431187
2005,"E - Vatnsveita, fráveita, meðhöndlun úrgangs og afmengun",2.776155978
2006,"E - Vatnsveita, fráveita, meðhöndlun úrgangs og afmengun",2.921890834
2007,"E - Vatnsveita, fráveita, meðhöndlun úrgangs og afmengun",1.850959913
2008,"E - Vatnsveita, fráveita, meðhöndlun úrgangs og afmengun",2.357495373
2009,"E - Vatnsveita, fráveita, meðhöndlun úrgangs og afmengun",3.115431479
2010,"E - Vatnsveita, fráveita, meðhöndlun úrgangs og afmengun",2.718150253
2011,"E - Vatnsveita, fráveita, meðhöndlun úrgangs og afmengun",2.401448127
2012,"E - Vatnsveita, fráveita, meðhöndlun úrgangs og afmengun",2.340811029
2013,"E - Vatnsveita, fráveita, meðhöndlun úrgangs og afmengun",1.938884142
2014,"E - Vatnsveita, fráveita, meðhöndlun úrgangs og afmengun",1.784137486
2015,"E - Vatnsveita, fráveita, meðhöndlun úrgangs og afmengun",1.930373807
2016,"E - Vatnsveita, fráveita, meðhöndlun úrgangs og afmengun",1.604468457
2017,"E - Vatnsveita, fráveita, meðhöndlun úrgangs og afmengun",1.414721739
1997,F - Byggingastarfsemi og mannvirkjagerð,0.195534069
1998,F - Byggingastarfsemi og mannvirkjagerð,0.170207111
1999,F - Byggingastarfsemi og mannvirkjagerð,0.212714668
2000,F - Byggingastarfsemi og mannvirkjagerð,0.209572518
2001,F - Byggingastarfsemi og mannvirkjagerð,0.288295297
2002,F - Byggingastarfsemi og mannvirkjagerð,0.282487723
2003,F - Byggingastarfsemi og mannvirkjagerð,0.237939962
2004,F - Byggingastarfsemi og mannvirkjagerð,0.172267198
2005,F - Byggingastarfsemi og mannvirkjagerð,0.118624787
2006,F - Byggingastarfsemi og mannvirkjagerð,0.137584274
2007,F - Byggingastarfsemi og mannvirkjagerð,0.132897839
2008,F - Byggingastarfsemi og mannvirkjagerð,0.18431981
2009,F - Byggingastarfsemi og mannvirkjagerð,0.498791826
2010,F - Byggingastarfsemi og mannvirkjagerð,0.49023493
2011,F - Byggingastarfsemi og mannvirkjagerð,0.362696551
2012,F - Byggingastarfsemi og mannvirkjagerð,0.288955938
2013,F - Byggingastarfsemi og mannvirkjagerð,0.217377287
2014,F - Byggingastarfsemi og mannvirkjagerð,0.183692689
2015,F - Byggingastarfsemi og mannvirkjagerð,0.179960231
2016,F - Byggingastarfsemi og mannvirkjagerð,0.158534108
2017,F - Byggingastarfsemi og mannvirkjagerð,0.11604735
1997,"G - Heild og smásöluverslun, viðgerðir á vélknúnum ökutækjum",0.025159005
1998,"G - Heild og smásöluverslun, viðgerðir á vélknúnum ökutækjum",0.0252732
1999,"G - Heild og smásöluverslun, viðgerðir á vélknúnum ökutækjum",0.028809723
2000,"G - Heild og smásöluverslun, viðgerðir á vélknúnum ökutækjum",0.035889778
2001,"G - Heild og smásöluverslun, viðgerðir á vélknúnum ökutækjum",0.053373496
2002,"G - Heild og smásöluverslun, viðgerðir á vélknúnum ökutækjum",0.048068052
2003,"G - Heild og smásöluverslun, viðgerðir á vélknúnum ökutækjum",0.043287144
2004,"G - Heild og smásöluverslun, viðgerðir á vélknúnum ökutækjum",0.03744473
2005,"G - Heild og smásöluverslun, viðgerðir á vélknúnum ökutækjum",0.039370795
2006,"G - Heild og smásöluverslun, viðgerðir á vélknúnum ökutækjum",0.044131479
2007,"G - Heild og smásöluverslun, viðgerðir á vélknúnum ökutækjum",0.037170649
2008,"G - Heild og smásöluverslun, viðgerðir á vélknúnum ökutækjum",0.062272114
2009,"G - Heild og smásöluverslun, viðgerðir á vélknúnum ökutækjum",0.070902592
2010,"G - Heild og smásöluverslun, viðgerðir á vélknúnum ökutækjum",0.063107752
2011,"G - Heild og smásöluverslun, viðgerðir á vélknúnum ökutækjum",0.043505989
2012,"G - Heild og smásöluverslun, viðgerðir á vélknúnum ökutækjum",0.046632294
2013,"G - Heild og smásöluverslun, viðgerðir á vélknúnum ökutækjum",0.038549058
2014,"G - Heild og smásöluverslun, viðgerðir á vélknúnum ökutækjum",0.037910113
2015,"G - Heild og smásöluverslun, viðgerðir á vélknúnum ökutækjum",0.036285088
2016,"G - Heild og smásöluverslun, viðgerðir á vélknúnum ökutækjum",0.029840841
2017,"G - Heild og smásöluverslun, viðgerðir á vélknúnum ökutækjum",0.030719905
1997,H - Flutningur og geymsla,0.849285915
1998,H - Flutningur og geymsla,0.966997637
1999,H - Flutningur og geymsla,1.055290554
2000,H - Flutningur og geymsla,1.239507061
2001,H - Flutningur og geymsla,1.471902152
2002,H - Flutningur og geymsla,1.559319592
2003,H - Flutningur og geymsla,1.41274569
2004,H - Flutningur og geymsla,1.139330336
2005,H - Flutningur og geymsla,1.494113965
2006,H - Flutningur og geymsla,1.912504352
2007,H - Flutningur og geymsla,1.244907302
2008,H - Flutningur og geymsla,1.051131135
2009,H - Flutningur og geymsla,1.846727656
2010,H - Flutningur og geymsla,1.566534638
2011,H - Flutningur og geymsla,1.350250838
2012,H - Flutningur og geymsla,1.724299477
2013,H - Flutningur og geymsla,1.459539611
2014,H - Flutningur og geymsla,1.496565877
2015,H - Flutningur og geymsla,1.650380637
2016,H - Flutningur og geymsla,1.458502415
2017,H - Flutningur og geymsla,1.654509033
1997,I - Rekstur gististaða og veitingarekstur,0.003088354
1998,I - Rekstur gististaða og veitingarekstur,0.002415457
1999,I - Rekstur gististaða og veitingarekstur,0.002515521
2000,I - Rekstur gististaða og veitingarekstur,0.002916485
2001,I - Rekstur gististaða og veitingarekstur,0.003925014
2002,I - Rekstur gististaða og veitingarekstur,0.007079046
2003,I - Rekstur gististaða og veitingarekstur,0.003502089
2004,I - Rekstur gististaða og veitingarekstur,0.004167588
2005,I - Rekstur gististaða og veitingarekstur,0.004392614
2006,I - Rekstur gististaða og veitingarekstur,0.0055217
2007,I - Rekstur gististaða og veitingarekstur,0.004768224
2008,I - Rekstur gististaða og veitingarekstur,0.006854676
2009,I - Rekstur gististaða og veitingarekstur,0.009977671
2010,I - Rekstur gististaða og veitingarekstur,0.010554329
2011,I - Rekstur gististaða og veitingarekstur,0.010576742
2012,I - Rekstur gististaða og veitingarekstur,0.010284721
2013,I - Rekstur gististaða og veitingarekstur,0.008278653
2014,I - Rekstur gististaða og veitingarekstur,0.007504426
2015,I - Rekstur gististaða og veitingarekstur,0.007154065
2016,I - Rekstur gististaða og veitingarekstur,0.005486277
2017,I - Rekstur gististaða og veitingarekstur,0.005527575
1997,J - Upplýsingar og fjarskipti,0.003214528
1998,J - Upplýsingar og fjarskipti,0.002563917
1999,J - Upplýsingar og fjarskipti,0.002452238
2000,J - Upplýsingar og fjarskipti,0.002506632
2001,J - Upplýsingar og fjarskipti,0.003081259
2002,J - Upplýsingar og fjarskipti,0.003081366
2003,J - Upplýsingar og fjarskipti,0.00281129
2004,J - Upplýsingar og fjarskipti,0.002473511
2005,J - Upplýsingar og fjarskipti,0.002308626
2006,J - Upplýsingar og fjarskipti,0.002476738
2007,J - Upplýsingar og fjarskipti,0.002651577
2008,J - Upplýsingar og fjarskipti,0.003702986
2009,J - Upplýsingar og fjarskipti,0.005763189
2010,J - Upplýsingar og fjarskipti,0.005786943
2011,J - Upplýsingar og fjarskipti,0.005475669
2012,J - Upplýsingar og fjarskipti,0.005734796
2013,J - Upplýsingar og fjarskipti,0.004402171
2014,J - Upplýsingar og fjarskipti,0.004248597
2015,J - Upplýsingar og fjarskipti,0.004712117
2016,J - Upplýsingar og fjarskipti,0.003543837
2017,J - Upplýsingar og fjarskipti,0.003713896
1997,K - Fjármála og vátryggingastarfsemi,0.008276235
1998,K - Fjármála og vátryggingastarfsemi,0.007156363
1999,K - Fjármála og vátryggingastarfsemi,0.007419606
2000,K - Fjármála og vátryggingastarfsemi,0.005530884
2001,K - Fjármála og vátryggingastarfsemi,0.006637623
2002,K - Fjármála og vátryggingastarfsemi,0.004755408
2003,K - Fjármála og vátryggingastarfsemi,0.002350936
2004,K - Fjármála og vátryggingastarfsemi,0.001902375
2005,K - Fjármála og vátryggingastarfsemi,0.001523494
2006,K - Fjármála og vátryggingastarfsemi,0.001126906
2007,K - Fjármála og vátryggingastarfsemi,0.00064498
2008,K - Fjármála og vátryggingastarfsemi,0.001510228
2009,K - Fjármála og vátryggingastarfsemi,0.001888866
2010,K - Fjármála og vátryggingastarfsemi,0.004500691
2011,K - Fjármála og vátryggingastarfsemi,0.007367282
2012,K - Fjármála og vátryggingastarfsemi,0.009149716
2013,K - Fjármála og vátryggingastarfsemi,0.010638934
2014,K - Fjármála og vátryggingastarfsemi,0.005127659
2015,K - Fjármála og vátryggingastarfsemi,0.004958785
2016,K - Fjármála og vátryggingastarfsemi,0.003270451
2017,K - Fjármála og vátryggingastarfsemi,0.003573279
1997,"M - Sérfræðileg, vísindaleg og tæknileg starfsemi",0.005015845
1998,"M - Sérfræðileg, vísindaleg og tæknileg starfsemi",0.00419854
1999,"M - Sérfræðileg, vísindaleg og tæknileg starfsemi",0.004262211
2000,"M - Sérfræðileg, vísindaleg og tæknileg starfsemi",0.004561879
2001,"M - Sérfræðileg, vísindaleg og tæknileg starfsemi",0.00534486
2002,"M - Sérfræðileg, vísindaleg og tæknileg starfsemi",0.006750047
2003,"M - Sérfræðileg, vísindaleg og tæknileg starfsemi",0.004474294
2004,"M - Sérfræðileg, vísindaleg og tæknileg starfsemi",0.004696461
2005,"M - Sérfræðileg, vísindaleg og tæknileg starfsemi",0.00499058
2006,"M - Sérfræðileg, vísindaleg og tæknileg starfsemi",0.007126998
2007,"M - Sérfræðileg, vísindaleg og tæknileg starfsemi",0.004990839
2008,"M - Sérfræðileg, vísindaleg og tæknileg starfsemi",0.006466325
2009,"M - Sérfræðileg, vísindaleg og tæknileg starfsemi",0.009306182
2010,"M - Sérfræðileg, vísindaleg og tæknileg starfsemi",0.008525691
2011,"M - Sérfræðileg, vísindaleg og tæknileg starfsemi",0.008985118
2012,"M - Sérfræðileg, vísindaleg og tæknileg starfsemi",0.008406706
2013,"M - Sérfræðileg, vísindaleg og tæknileg starfsemi",0.00716483
2014,"M - Sérfræðileg, vísindaleg og tæknileg starfsemi",0.006718481
2015,"M - Sérfræðileg, vísindaleg og tæknileg starfsemi",0.006579371
2016,"M - Sérfræðileg, vísindaleg og tæknileg starfsemi",0.005509508
2017,"M - Sérfræðileg, vísindaleg og tæknileg starfsemi",0.005602924
1997,N - Leigustarfsemi og ýmis sérhæfð þjónusta,0.016825137
1998,N - Leigustarfsemi og ýmis sérhæfð þjónusta,0.011985433
1999,N - Leigustarfsemi og ýmis sérhæfð þjónusta,0.013340135
2000,N - Leigustarfsemi og ýmis sérhæfð þjónusta,0.01379464
2001,N - Leigustarfsemi og ýmis sérhæfð þjónusta,0.018683331
2002,N - Leigustarfsemi og ýmis sérhæfð þjónusta,0.017158685
2003,N - Leigustarfsemi og ýmis sérhæfð þjónusta,0.013606052
2004,N - Leigustarfsemi og ýmis sérhæfð þjónusta,0.013686899
2005,N - Leigustarfsemi og ýmis sérhæfð þjónusta,0.015749195
2006,N - Leigustarfsemi og ýmis sérhæfð þjónusta,0.016743277
2007,N - Leigustarfsemi og ýmis sérhæfð þjónusta,0.013490356
2008,N - Leigustarfsemi og ýmis sérhæfð þjónusta,0.028368261
2009,N - Leigustarfsemi og ýmis sérhæfð þjónusta,0.040668609
2010,N - Leigustarfsemi og ýmis sérhæfð þjónusta,0.047961104
2011,N - Leigustarfsemi og ýmis sérhæfð þjónusta,0.04229252
2012,N - Leigustarfsemi og ýmis sérhæfð þjónusta,0.048886908
2013,N - Leigustarfsemi og ýmis sérhæfð þjónusta,0.039286559
2014,N - Leigustarfsemi og ýmis sérhæfð þjónusta,0.0319639
2015,N - Leigustarfsemi og ýmis sérhæfð þjónusta,0.030331332
2016,N - Leigustarfsemi og ýmis sérhæfð þjónusta,0.026427015
2017,N - Leigustarfsemi og ýmis sérhæfð þjónusta,0.028421542
1997,O - Opinber stjórnsýsla og varnarmál; almannatryggingar,0.013519807
1998,O - Opinber stjórnsýsla og varnarmál; almannatryggingar,0.008588162
1999,O - Opinber stjórnsýsla og varnarmál; almannatryggingar,0.008804463
2000,O - Opinber stjórnsýsla og varnarmál; almannatryggingar,0.008782916
2001,O - Opinber stjórnsýsla og varnarmál; almannatryggingar,0.01014161
2002,O - Opinber stjórnsýsla og varnarmál; almannatryggingar,0.008561303
2003,O - Opinber stjórnsýsla og varnarmál; almannatryggingar,0.006686443
2004,O - Opinber stjórnsýsla og varnarmál; almannatryggingar,0.006149556
2005,O - Opinber stjórnsýsla og varnarmál; almannatryggingar,0.006098358
2006,O - Opinber stjórnsýsla og varnarmál; almannatryggingar,0.006397937
2007,O - Opinber stjórnsýsla og varnarmál; almannatryggingar,0.00475829
2008,O - Opinber stjórnsýsla og varnarmál; almannatryggingar,0.00763075
2009,O - Opinber stjórnsýsla og varnarmál; almannatryggingar,0.010370631
2010,O - Opinber stjórnsýsla og varnarmál; almannatryggingar,0.009396346
2011,O - Opinber stjórnsýsla og varnarmál; almannatryggingar,0.008367066
2012,O - Opinber stjórnsýsla og varnarmál; almannatryggingar,0.00822159
2013,O - Opinber stjórnsýsla og varnarmál; almannatryggingar,0.007805598
2014,O - Opinber stjórnsýsla og varnarmál; almannatryggingar,0.007784248
2015,O - Opinber stjórnsýsla og varnarmál; almannatryggingar,0.008118953
2016,O - Opinber stjórnsýsla og varnarmál; almannatryggingar,0.006930268
2017,O - Opinber stjórnsýsla og varnarmál; almannatryggingar,0.007379327
1997,P - Fræðslustarfsemi,0.000282719
1998,P - Fræðslustarfsemi,0.000217333
1999,P - Fræðslustarfsemi,0.000190258
2000,P - Fræðslustarfsemi,0.000320184
2001,P - Fræðslustarfsemi,0.000326032
2002,P - Fræðslustarfsemi,0.000316922
2003,P - Fræðslustarfsemi,0.000262861
2004,P - Fræðslustarfsemi,0.000236278
2005,P - Fræðslustarfsemi,0.000291138
2006,P - Fræðslustarfsemi,0.000282795
2007,P - Fræðslustarfsemi,0.000306017
2008,P - Fræðslustarfsemi,0.000433824
2009,P - Fræðslustarfsemi,0.000682218
2010,P - Fræðslustarfsemi,0.00068469
2011,P - Fræðslustarfsemi,0.000755576
2012,P - Fræðslustarfsemi,0.001149323
2013,P - Fræðslustarfsemi,0.000923362
2014,P - Fræðslustarfsemi,0.000897819
2015,P - Fræðslustarfsemi,0.000913052
2016,P - Fræðslustarfsemi,0.000774906
2017,P - Fræðslustarfsemi,0.000699755
1997,Q - Heilbrigðis og félagsþjónusta,0.000546478
1998,Q - Heilbrigðis og félagsþjónusta,0.000418318
1999,Q - Heilbrigðis og félagsþjónusta,0.000415702
2000,Q - Heilbrigðis og félagsþjónusta,0.000457359
2001,Q - Heilbrigðis og félagsþjónusta,0.000602818
2002,Q - Heilbrigðis og félagsþjónusta,0.000650473
2003,Q - Heilbrigðis og félagsþjónusta,0.000656765
2004,Q - Heilbrigðis og félagsþjónusta,0.000772355
2005,Q - Heilbrigðis og félagsþjónusta,0.000778076
2006,Q - Heilbrigðis og félagsþjónusta,0.000906365
2007,Q - Heilbrigðis og félagsþjónusta,0.001026561
2008,Q - Heilbrigðis og félagsþjónusta,0.001319265
2009,Q - Heilbrigðis og félagsþjónusta,0.001801964
2010,Q - Heilbrigðis og félagsþjónusta,0.00194528
2011,Q - Heilbrigðis og félagsþjónusta,0.002126449
2012,Q - Heilbrigðis og félagsþjónusta,0.002332175
2013,Q - Heilbrigðis og félagsþjónusta,0.001940369
2014,Q - Heilbrigðis og félagsþjónusta,0.001906077
2015,Q - Heilbrigðis og félagsþjónusta,0.001789146
2016,Q - Heilbrigðis og félagsþjónusta,0.001460238
2017,Q - Heilbrigðis og félagsþjónusta,0.00143485
1997,"R - Menningar, íþrjótta og tómstundastarfsemi",0.00404177
1998,"R - Menningar, íþrjótta og tómstundastarfsemi",0.003815134
1999,"R - Menningar, íþrjótta og tómstundastarfsemi",0.004227912
2000,"R - Menningar, íþrjótta og tómstundastarfsemi",0.004107104
2001,"R - Menningar, íþrjótta og tómstundastarfsemi",0.0054349
2002,"R - Menningar, íþrjótta og tómstundastarfsemi",0.011282775
2003,"R - Menningar, íþrjótta og tómstundastarfsemi",0.005581455
2004,"R - Menningar, íþrjótta og tómstundastarfsemi",0.004727758
2005,"R - Menningar, íþrjótta og tómstundastarfsemi",0.004809985
2006,"R - Menningar, íþrjótta og tómstundastarfsemi",0.009063309
2007,"R - Menningar, íþrjótta og tómstundastarfsemi",0.00345534
2008,"R - Menningar, íþrjótta og tómstundastarfsemi",0.004849259
2009,"R - Menningar, íþrjótta og tómstundastarfsemi",0.006369119
2010,"R - Menningar, íþrjótta og tómstundastarfsemi",0.007767171
2011,"R - Menningar, íþrjótta og tómstundastarfsemi",0.006740235
2012,"R - Menningar, íþrjótta og tómstundastarfsemi",0.008081105
2013,"R - Menningar, íþrjótta og tómstundastarfsemi",0.006581285
2014,"R - Menningar, íþrjótta og tómstundastarfsemi",0.006729752
2015,"R - Menningar, íþrjótta og tómstundastarfsemi",0.006756045
2016,"R - Menningar, íþrjótta og tómstundastarfsemi",0.005609564
2017,"R - Menningar, íþrjótta og tómstundastarfsemi",0.006475524
1997,S - Félagasamtök og önnur þjónustustarfsemi,0.007733654
1998,S - Félagasamtök og önnur þjónustustarfsemi,0.007328234
1999,S - Félagasamtök og önnur þjónustustarfsemi,0.007366622
2000,S - Félagasamtök og önnur þjónustustarfsemi,0.007536227
2001,S - Félagasamtök og önnur þjónustustarfsemi,0.00898346
2002,S - Félagasamtök og önnur þjónustustarfsemi,0.006332119
2003,S - Félagasamtök og önnur þjónustustarfsemi,0.004237528
2004,S - Félagasamtök og önnur þjónustustarfsemi,0.004046227
2005,S - Félagasamtök og önnur þjónustustarfsemi,0.00431888
2006,S - Félagasamtök og önnur þjónustustarfsemi,0.004826036
2007,S - Félagasamtök og önnur þjónustustarfsemi,0.003782103
2008,S - Félagasamtök og önnur þjónustustarfsemi,0.005160471
2009,S - Félagasamtök og önnur þjónustustarfsemi,0.007835572
2010,S - Félagasamtök og önnur þjónustustarfsemi,0.008055367
2011,S - Félagasamtök og önnur þjónustustarfsemi,0.00848992
2012,S - Félagasamtök og önnur þjónustustarfsemi,0.009333311
2013,S - Félagasamtök og önnur þjónustustarfsemi,0.008619111
2014,S - Félagasamtök og önnur þjónustustarfsemi,0.00783789
2015,S - Félagasamtök og önnur þjónustustarfsemi,0.00763163
2016,S - Félagasamtök og önnur þjónustustarfsemi,0.00668278
2017,S - Félagasamtök og önnur þjónustustarfsemi,0.006778951
1997,U - Starfsemi stofnana og samtaka með úrlendisrétt,
1998,U - Starfsemi stofnana og samtaka með úrlendisrétt,
1999,U - Starfsemi stofnana og samtaka með úrlendisrétt,
2000,U - Starfsemi stofnana og samtaka með úrlendisrétt,
2001,U - Starfsemi stofnana og samtaka með úrlendisrétt,
2002,U - Starfsemi stofnana og samtaka með úrlendisrétt,
2003,U - Starfsemi stofnana og samtaka með úrlendisrétt,
2004,U - Starfsemi stofnana og samtaka með úrlendisrétt,
2005,U - Starfsemi stofnana og samtaka með úrlendisrétt,
2006,U - Starfsemi stofnana og samtaka með úrlendisrétt,
2007,U - Starfsemi stofnana og samtaka með úrlendisrétt,0.019675086
2008,U - Starfsemi stofnana og samtaka með úrlendisrétt,0.072375192
2009,U - Starfsemi stofnana og samtaka með úrlendisrétt,0.086547111
2010,U - Starfsemi stofnana og samtaka með úrlendisrétt,0.073361319
2011,U - Starfsemi stofnana og samtaka með úrlendisrétt,0.072865415
2012,U - Starfsemi stofnana og samtaka með úrlendisrétt,0.089437224
2013,U - Starfsemi stofnana og samtaka með úrlendisrétt,0.056508927
2014,U - Starfsemi stofnana og samtaka með úrlendisrétt,0.056662228
2015,U - Starfsemi stofnana og samtaka með úrlendisrétt,0.069772064
2016,U - Starfsemi stofnana og samtaka með úrlendisrétt,0.064808738
2017,U - Starfsemi stofnana og samtaka með úrlendisrétt,0.119179279
