Year,Organization,Value
2000,World Trade Organization,0.71429
2000,International Bank for Reconstruction and Development,0.54945
2000,UN General Assembly,0.5291
2000,International Monetary Fund,0.5618
2000,International Finanace Corporation,0.57471
2005,International Finanace Corporation,0.5618
2005,International Monetary Fund,0.55249
2005,International Bank for Reconstruction and Development,0.54348
2005,UN Econonomic and Social Council,1.85
2005,UN General Assembly,0.52356
2005,World Trade Organization,0.67114
2010,International Monetary Fund,0.54945
2010,International Finanace Corporation,0.54945
2010,UN General Assembly,0.52083
2010,World Trade Organization,0.65359
2010,International Bank for Reconstruction and Development,0.53476
2015,International Bank for Reconstruction and Development,0.53191
2015,International Finanace Corporation,0.54348
2015,International Monetary Fund,0.53191
2015,UN General Assembly,0.51813
2015,World Trade Organization,0.625
2016,UN General Assembly,0.51813
2016,International Bank for Reconstruction and Development,0.53191
2016,International Finanace Corporation,0.54348
2016,World Trade Organization,0.61728
2016,International Monetary Fund,0.53191
2017,International Bank for Reconstruction and Development,0.5291
2017,World Trade Organization,0.60976
2017,UN General Assembly,0.51813
2017,International Finanace Corporation,0.54348
2018,International Monetary Fund,0.5291
2018,International Bank for Reconstruction and Development,0.5291
2018,World Trade Organization,0.60976
2018,UN General Assembly,0.51813
2018,International Finanace Corporation,0.54348
2019,International Monetary Fund,0.5291
2019,International Bank for Reconstruction and Development,0.5291
2019,World Trade Organization,0.60976
2019,UN General Assembly,0.51813
2019,International Finanace Corporation,0.5435
2020,International Monetary Fund,0.5291
2020,International Bank for Reconstruction and Development,0.5291
2020,World Trade Organization,0.60976
2020,UN General Assembly,0.51813
2020,International Finanace Corporation,0.54348
